Workbook

Sheet Rosters
D1: KIRK/DAVID (11) | G1: STEVE L. (43) | J1: JOHN (9) | M1: KEVIN (2) | P1: DANNY/JOEY (10) | S1: GREG/GRIFFIN (7)
A2: QB | B2: =IF(C2="*", SUMIF(Scoring!B2:B13, Rosters!D2, Scoring!M2:M13), "") | D2: Caleb Williams (Chi) | E2: =IF(F2="*", SUMIF(Scoring!B14:B25, Rosters!G2, Scoring!M14:M25), "") | G2: Jayden Daniels (Was) | H2: =IF(I2="*", SUMIF(Scoring!B26:B37, Rosters!J2, Scoring!M26:M37), "") -> 9 | I2: * | J2: Bo Nix (Den) | K2: =IF(L2="*", SUMIF(Scoring!B38:B49, Rosters!M2, Scoring!M38:M49), "") -> 12 | L2: * | M2: Jalen Hurts (Phi) | N2: =IF(O2="*", SUMIF(Scoring!B50:B61, Rosters!P2, Scoring!M50:M61), "") -> 11 | O2: * | P2: Josh Allen (Buf) | Q2: =IF(R2="*", SUMIF(Scoring!B62:B73, Rosters!S2, Scoring!M62:M73), "") -> 6 | R2: * | S2: Baker Mayfield (TB)
B3: =IF(C3="*", SUMIF(Scoring!B2:B13, Rosters!D3, Scoring!M2:M13), "") -> 26 | C3: * | D3: Jordan Love (GB) | E3: =IF(F3="*", SUMIF(Scoring!B14:B25, Rosters!G3, Scoring!M14:M25), "") -> 0 | F3: * | G3: Tua Tagovailoa (Mia) | H3: =IF(I3="*", SUMIF(Scoring!B26:B37, Rosters!J3, Scoring!M26:M37), "") | J3: Kyler Murray (Arz) | K3: =IF(L3="*", SUMIF(Scoring!B38:B49, Rosters!M3, Scoring!M38:M49), "") | M3: Matthew Stafford (LAR) | N3: =IF(O3="*", SUMIF(Scoring!B50:B61, Rosters!P3, Scoring!M50:M61), "") | P3: Jaxson Dart (NYG) | Q3: =IF(R3="*", SUMIF(Scoring!B62:B73, Rosters!S3, Scoring!M62:M73), "") | S3: Tyler Shough (NO)
B4: =IF(C4="*", SUMIF(Scoring!B2:B13, Rosters!D4, Scoring!M2:M13), "") | D4: Brock Purdy (SF) | E4: =IF(F4="*", SUMIF(Scoring!B14:B25, Rosters!G4, Scoring!M14:M25), "") | G4: Joe Flacco (Cin) | H4: =IF(I4="*", SUMIF(Scoring!B26:B37, Rosters!J4, Scoring!M26:M37), "") | J4: Dak Prescott (Dal) | K4: =IF(L4="*", SUMIF(Scoring!B38:B49, Rosters!M4, Scoring!M38:M49), "") | M4: Dillon Gabriel (Cle) | N4: =IF(O4="*", SUMIF(Scoring!B50:B61, Rosters!P4, Scoring!M50:M61), "") | P4: Mac Jones (SF) | Q4: =IF(R4="*", SUMIF(Scoring!B62:B73, Rosters!S4, Scoring!M62:M73), "") | S4: Shedeur Sanders (Cle)
H5: =IF(I5="*", SUMIF(Scoring!B26:B37, Rosters!J5, Scoring!M26:M37), "")
A6: RB | B6: =IF(C6="*", SUMIF(Scoring!B2:B13, Rosters!D6, Scoring!M2:M13), "") -> 2 | C6: * | D6: Josh Jacobs (GB) | E6: =IF(F6="*", SUMIF(Scoring!B14:B25, Rosters!G6, Scoring!M14:M25), "") -> 0 | F6: * | G6: Jahmyr Gibbs (Det) | H6: =IF(I6="*", SUMIF(Scoring!B26:B37, Rosters!J6, Scoring!M26:M37), "") -> 6 | I6: * | J6: Kyren Williams (LAR) | K6: =IF(L6="*", SUMIF(Scoring!B38:B49, Rosters!M6, Scoring!M38:M49), "") -> 10 | L6: * | M6: De'Von Achane (Mia) | N6: =IF(O6="*", SUMIF(Scoring!B50:B61, Rosters!P6, Scoring!M50:M61), "") | P6: Omarion Hampton (LAC) | Q6: =IF(R6="*", SUMIF(Scoring!B62:B73, Rosters!S6, Scoring!M62:M73), "") | S6: Chuba Hubbard (Car)
B7: =IF(C7="*", SUMIF(Scoring!B2:B13, Rosters!D7, Scoring!M2:M13), "") | D7: Travis Etienne (Jax) | E7: =IF(F7="*", SUMIF(Scoring!B14:B25, Rosters!G7, Scoring!M14:M25), "") | G7: D'Andre Swift (Chi) | H7: =IF(I7="*", SUMIF(Scoring!B26:B37, Rosters!J7, Scoring!M26:M37), "") | J7: Nick Chubb (Hou) | K7: =IF(L7="*", SUMIF(Scoring!B38:B49, Rosters!M7, Scoring!M38:M49), "") | M7: Tyrone Tracy (NYG) | N7: =IF(O7="*", SUMIF(Scoring!B50:B61, Rosters!P7, Scoring!M50:M61), "") | P7: JK Dobbins (Den) | Q7: =IF(R7="*", SUMIF(Scoring!B62:B73, Rosters!S7, Scoring!M62:M73), "") | S7: Trey Benson (Arz)
B8: =IF(C8="*", SUMIF(Scoring!B2:B13, Rosters!D8, Scoring!M2:M13), "") | D8: Jordan Mason (Min) | E8: =IF(F8="*", SUMIF(Scoring!B14:B25, Rosters!G8, Scoring!M14:M25), "") -> 0 | F8: * | G8: Isiah Pacheco (KC) | H8: =IF(I8="*", SUMIF(Scoring!B26:B37, Rosters!J8, Scoring!M26:M37), "") -> 8 | I8: * | J8: Blake Corum (LAR) | K8: =IF(L8="*", SUMIF(Scoring!B38:B49, Rosters!M8, Scoring!M38:M49), "") | M8: Rachaad White (TB) | N8: =IF(O8="*", SUMIF(Scoring!B50:B61, Rosters!P8, Scoring!M50:M61), "") -> 6 | O8: * | P8: Zach Charbonnet (Sea) | Q8: =IF(R8="*", SUMIF(Scoring!B62:B73, Rosters!S8, Scoring!M62:M73), "") -> 4 | R8: * | S8: Quinshon Judkins (CLE)
B9: =IF(C9="*", SUMIF(Scoring!B2:B13, Rosters!D9, Scoring!M2:M13), "") -> 12 | C9: * | D9: RJ Harvey (Den) | E9: =IF(F9="*", SUMIF(Scoring!B14:B25, Rosters!G9, Scoring!M14:M25), "") | G9: Kaleb Johnson (Pit) | H9: =IF(I9="*", SUMIF(Scoring!B26:B37, Rosters!J9, Scoring!M26:M37), "") | J9: Joe Mixon (Hou) | K9: =IF(L9="*", SUMIF(Scoring!B38:B49, Rosters!M9, Scoring!M38:M49), "") -> 0 | L9: * | M9: Woody Marks (Hou) | N9: =IF(O9="*", SUMIF(Scoring!B50:B61, Rosters!P9, Scoring!M50:M61), "") -> 0 | O9: * | P9: Tyjae Spears (Ten) | Q9: =IF(R9="*", SUMIF(Scoring!B62:B73, Rosters!S9, Scoring!M62:M73), "") -> 6 | R9: * | S9: Jaylen Warren (Pit)
H10: =IF(I10="*", SUMIF(Scoring!B26:B37, Rosters!J10, Scoring!M26:M37), "")
A11: WR | B11: =IF(C11="*", SUMIF(Scoring!B2:B13, Rosters!D11, Scoring!M2:M13), "") | D11: Justin Jefferson (Min) | E11: =IF(F11="*", SUMIF(Scoring!B14:B25, Rosters!G11, Scoring!M14:M25), "") | G11: DK Metcalf (Pit) | H11: =IF(I11="*", SUMIF(Scoring!B26:B37, Rosters!J11, Scoring!M26:M37), "") -> 3 | I11: * | J11: Ja'Marr Chase (Cin) | K11: =IF(L11="*", SUMIF(Scoring!B38:B49, Rosters!M11, Scoring!M38:M49), "") | M11: Zay Flowers (Bal) | N11: =IF(O11="*", SUMIF(Scoring!B50:B61, Rosters!P11, Scoring!M50:M61), "") -> 0 | O11: * | P11: Amon-Ra St. Brown (Det) | Q11: =IF(R11="*", SUMIF(Scoring!B62:B73, Rosters!S11, Scoring!M62:M73), "") -> 0 | R11: * | S11: Jaxon Smith-Njigba (Sea)
B12: =IF(C12="*", SUMIF(Scoring!B2:B13, Rosters!D12, Scoring!M2:M13), "") -> 0 | C12: * | D12: Puka Nacua (LAR) | E12: =IF(F12="*", SUMIF(Scoring!B14:B25, Rosters!G12, Scoring!M14:M25), "") | G12: Jameson Williams (Det) | H12: =IF(I12="*", SUMIF(Scoring!B26:B37, Rosters!J12, Scoring!M26:M37), "") | J12: Tee Higgins (Cin) | K12: =IF(L12="*", SUMIF(Scoring!B38:B49, Rosters!M12, Scoring!M38:M49), "") | M12: Jordan Addison (Min) | N12: =IF(O12="*", SUMIF(Scoring!B50:B61, Rosters!P12, Scoring!M50:M61), "") -> 0 | O12: * | P12: Marvin Harrison (Arz) | Q12: =IF(R12="*", SUMIF(Scoring!B62:B73, Rosters!S12, Scoring!M62:M73), "") -> 14 | R12: * | S12: Rashee Rice (KC)
B13: =IF(C13="*", SUMIF(Scoring!B2:B13, Rosters!D13, Scoring!M2:M13), "") -> 12 | C13: * | D13: Davante Adams (LAR) | E13: =IF(F13="*", SUMIF(Scoring!B14:B25, Rosters!G13, Scoring!M14:M25), "") -> 8 | F13: * | G13: Christian Watson (GB) | H13: =IF(I13="*", SUMIF(Scoring!B26:B37, Rosters!J13, Scoring!M26:M37), "") | J13: Courtland Sutton (Den) | K13: =IF(L13="*", SUMIF(Scoring!B38:B49, Rosters!M13, Scoring!M38:M49), "") -> 0 | L13: * | M13: Deebo Samuel (Was) | N13: =IF(O13="*", SUMIF(Scoring!B50:B61, Rosters!P13, Scoring!M50:M61), "") | P13: Luther Burden (Chi) | Q13: =IF(R13="*", SUMIF(Scoring!B62:B73, Rosters!S13, Scoring!M62:M73), "") | S13: DJ Moore (Chi)
B14: =IF(C14="*", SUMIF(Scoring!B2:B13, Rosters!D14, Scoring!M2:M13), "") | D14: Romeo Doubs (GB) | E14: =IF(F14="*", SUMIF(Scoring!B14:B25, Rosters!G14, Scoring!M14:M25), "") -> 6 | F14: * | G14: Tet McMillan (Car) | H14: =IF(I14="*", SUMIF(Scoring!B26:B37, Rosters!J14, Scoring!M26:M37), "") -> 0 | I14: * | J14: Michael Pittman (Ind) | K14: =IF(L14="*", SUMIF(Scoring!B38:B49, Rosters!M14, Scoring!M38:M49), "") -> 0 | L14: * | M14: Emeka Egbuka (TB) | N14: =IF(O14="*", SUMIF(Scoring!B50:B61, Rosters!P14, Scoring!M50:M61), "") | P14: Quentin Johnston (LAC) | Q14: =IF(R14="*", SUMIF(Scoring!B62:B73, Rosters!S14, Scoring!M62:M73), "") | S14: Keon Coleman (Buf)
H15: =IF(I15="*", SUMIF(Scoring!B26:B37, Rosters!J15, Scoring!M26:M37), "")
A16: TE | B16: =IF(C16="*", SUMIF(Scoring!B2:B13, Rosters!D16, Scoring!M2:M13), "") | D16: Dalton Schultz (Hou) | E16: =IF(F16="*", SUMIF(Scoring!B14:B25, Rosters!G16, Scoring!M14:M25), "") | G16: Sam LaPorta (Det) | H16: =IF(I16="*", SUMIF(Scoring!B26:B37, Rosters!J16, Scoring!M26:M37), "") | J16: Tucker Kraft (GB) | K16: =IF(L16="*", SUMIF(Scoring!B38:B49, Rosters!M16, Scoring!M38:M49), "") -> 6 | L16: * | M16: Travis Kelce (KC) | N16: =IF(O16="*", SUMIF(Scoring!B50:B61, Rosters!P16, Scoring!M50:M61), "") | P16: TJ Hockenson (Min) | Q16: =IF(R16="*", SUMIF(Scoring!B62:B73, Rosters!S16, Scoring!M62:M73), "") -> 0 | R16: * | S16: Jake Ferguson (Dal)
B17: =IF(C17="*", SUMIF(Scoring!B2:B13, Rosters!D17, Scoring!M2:M13), "") | D17: Jake Tonges (SF) | E17: =IF(F17="*", SUMIF(Scoring!B14:B25, Rosters!G17, Scoring!M14:M25), "") -> 0 | F17: * | G17: Gunnar Helm (Ten) | H17: =IF(I17="*", SUMIF(Scoring!B26:B37, Rosters!J17, Scoring!M26:M37), "") -> 0 | I17: * | J17: Dallas Goedert (Phi) | K17: =IF(L17="*", SUMIF(Scoring!B38:B49, Rosters!M17, Scoring!M38:M49), "") | M17: Jonnu Smith (Pit) | N17: =IF(O17="*", SUMIF(Scoring!B50:B61, Rosters!P17, Scoring!M50:M61), "") | P17: Juwan Johnson (NO) | Q17: =IF(R17="*", SUMIF(Scoring!B62:B73, Rosters!S17, Scoring!M62:M73), "") | S17: Cade Otton (TB)
B18: =IF(C18="*", SUMIF(Scoring!B2:B13, Rosters!D18, Scoring!M2:M13), "") -> 0 | C18: * | D18: Darren Waller (Mia) | E18: =IF(F18="*", SUMIF(Scoring!B14:B25, Rosters!G18, Scoring!M14:M25), "") | G18: Evan Engram (Den) | H18: =IF(I18="*", SUMIF(Scoring!B26:B37, Rosters!J18, Scoring!M26:M37), "") | J18: Tyler Warren (Ind) | K18: =IF(L18="*", SUMIF(Scoring!B38:B49, Rosters!M18, Scoring!M38:M49), "") | M18: Theo Johnson (NYG) | N18: =IF(O18="*", SUMIF(Scoring!B50:B61, Rosters!P18, Scoring!M50:M61), "") -> 6 | O18: * | P18: Brenton Strange (Jax) | Q18: =IF(R18="*", SUMIF(Scoring!B62:B73, Rosters!S18, Scoring!M62:M73), "") | S18: Mason Taylor (NYJ)
H19: =IF(I19="*", SUMIF(Scoring!B26:B37, Rosters!J19, Scoring!M26:M37), "")
A20: K | B20: =IF(C20="*", SUMIF(Scoring!B2:B13, Rosters!D20, Scoring!M2:M13), "") -> 0 | C20: * | D20: Jake Elliott (Phi) | E20: =IF(F20="*", SUMIF(Scoring!B14:B25, Rosters!G20, Scoring!M14:M25), "") -> 8 | F20: * | G20: Brandon Aubrey (Dal) | H20: =IF(I20="*", SUMIF(Scoring!B26:B37, Rosters!J20, Scoring!M26:M37), "") -> 8 | I20: * | J20: Cameron Dicker (LAC) | K20: =IF(L20="*", SUMIF(Scoring!B38:B49, Rosters!M20, Scoring!M38:M49), "") -> 1 | L20: * | M20: Chris Boswell (Pit) | N20: =IF(O20="*", SUMIF(Scoring!B50:B61, Rosters!P20, Scoring!M50:M61), "") -> 2 | O20: * | P20: Tyler Loop (Bal) | Q20: =IF(R20="*", SUMIF(Scoring!B62:B73, Rosters!S20, Scoring!M62:M73), "") | S20: Brandon McManus (GB)
B21: =IF(C21="*", SUMIF(Scoring!B2:B13, Rosters!D21, Scoring!M2:M13), "") | D21: Will Reichard (Min) | E21: =IF(F21="*", SUMIF(Scoring!B14:B25, Rosters!G21, Scoring!M14:M25), "") | G21: Chase McLaughlin (TB) | H21: =IF(I21="*", SUMIF(Scoring!B26:B37, Rosters!J21, Scoring!M26:M37), "") | J21: Matt Gay (Was) | K21: =IF(L21="*", SUMIF(Scoring!B38:B49, Rosters!M21, Scoring!M38:M49), "") | M21: Will Lutz (Den) | N21: =IF(O21="*", SUMIF(Scoring!B50:B61, Rosters!P21, Scoring!M50:M61), "") | P21: Eddy Pineiro (SF) | Q21: =IF(R21="*", SUMIF(Scoring!B62:B73, Rosters!S21, Scoring!M62:M73), "") -> 15 | R21: * | S21: Jason Myers (Sea)
H22: =IF(I22="*", SUMIF(Scoring!B26:B37, Rosters!J22, Scoring!M26:M37), "")
A23: DF | B23: =IF(C23="*", SUMIF(Scoring!B2:B13, Rosters!D23, Scoring!M2:M13), "") | D23: Baltimore | E23: =IF(F23="*", SUMIF(Scoring!B14:B25, Rosters!G23, Scoring!M14:M25), "") -> 3 | F23: * | G23: Houston | H23: =IF(I23="*", SUMIF(Scoring!B26:B37, Rosters!J23, Scoring!M26:M37), "") -> 13 | I23: * | J23: San Francisco | K23: =IF(L23="*", SUMIF(Scoring!B38:B49, Rosters!M23, Scoring!M38:M49), "") -> 0 | L23: * | M23: LA Rams | N23: =IF(O23="*", SUMIF(Scoring!B50:B61, Rosters!P23, Scoring!M50:M61), "") | P23: Kansas City | Q23: =IF(R23="*", SUMIF(Scoring!B62:B73, Rosters!S23, Scoring!M62:M73), "") | S23: Tampa Bay
B24: =IF(C24="*", SUMIF(Scoring!B2:B13, Rosters!D24, Scoring!M2:M13), "") -> 4 | C24: * | D24: Denver | E24: =IF(F24="*", SUMIF(Scoring!B14:B25, Rosters!G24, Scoring!M14:M25), "") | G24: Arizona | H24: =IF(I24="*", SUMIF(Scoring!B26:B37, Rosters!J24, Scoring!M26:M37), "") | J24: Chicago | K24: =IF(L24="*", SUMIF(Scoring!B38:B49, Rosters!M24, Scoring!M38:M49), "") | M24: Jacksonville | N24: =IF(O24="*", SUMIF(Scoring!B50:B61, Rosters!P24, Scoring!M50:M61), "") -> 6 | O24: * | P24: New England | Q24: =IF(R24="*", SUMIF(Scoring!B62:B73, Rosters!S24, Scoring!M62:M73), "") -> 26 | R24: * | S24: Seattle
H25: =IF(I25="*", SUMIF(Scoring!B26:B37, Rosters!J25, Scoring!M26:M37), "")
A26: HC | B26: =IF(C26="*", SUMIF(Scoring!B2:B13, Rosters!D26, Scoring!M2:M13), "") -> 0 | C26: * | D26: Sean McVay (LAR) | E26: =IF(F26="*", SUMIF(Scoring!B14:B25, Rosters!G26, Scoring!M14:M25), "") -> 0 | F26: * | G26: Dan Campbell (Det) | H26: =IF(I26="*", SUMIF(Scoring!B26:B37, Rosters!J26, Scoring!M26:M37), "") -> 0 | I26: * | J26: John Harbaugh (Bal) | K26: =IF(L26="*", SUMIF(Scoring!B38:B49, Rosters!M26, Scoring!M38:M49), "") -> 5 | L26: * | M26: Kyle Shanahan (SF) | N26: =IF(O26="*", SUMIF(Scoring!B50:B61, Rosters!P26, Scoring!M50:M61), "") | P26: Sean Payton (Den) | Q26: =IF(R26="*", SUMIF(Scoring!B62:B73, Rosters!S26, Scoring!M62:M73), "") | S26: Mike Tomlin (Pit)
B27: =IF(C27="*", SUMIF(Scoring!B2:B13, Rosters!D27, Scoring!M2:M13), "") | D27: Ben Johnson (Chi) | E27: =IF(F27="*", SUMIF(Scoring!B14:B25, Rosters!G27, Scoring!M14:M25), "") | G27: DeMeco Ryans (Hou) | H27: =IF(I27="*", SUMIF(Scoring!B26:B37, Rosters!J27, Scoring!M26:M37), "") | J27: Shane Steichen (Ind) | K27: =IF(L27="*", SUMIF(Scoring!B38:B49, Rosters!M27, Scoring!M38:M49), "") | M27: Kevin Stefanski (Cle) | N27: =IF(O27="*", SUMIF(Scoring!B50:B61, Rosters!P27, Scoring!M50:M61), "") -> 4 | O27: * | P27: Mike Vrabel (NE) | Q27: =IF(R27="*", SUMIF(Scoring!B62:B73, Rosters!S27, Scoring!M62:M73), "") -> 4 | R27: * | S27: Todd Bowles (TB)
D29: =SUM(B2:B28) -> 56 | G29: =SUM(E2:E28) -> 25 | J29: =SUM(H2:H28) -> 47 | M29: =SUM(K2:K28) -> 34 | P29: =SUM(N2:N28) -> 35 | S29: =SUM(Q2:Q28) -> 75
A31: PH | D31: 407-5858 cell | G31: 435-4605 cell | J31: 388-7371 cell | M31: 913-3136 cell | P31: 289-8690 (D) | S31: (925) 518-5773 cell
P32: 325-1289 (J)
A34: TS
D39: ERIC/JEFF (12) | G39: ANDREW (1) | J39: WES/BILL (5) | M39: KEMP/A/M (8) | P39: JARRETT/MATT (6) | S39: ADAM (4)
A40: QB | B40: =IF(C40="*", SUMIF(Scoring!B74:B85, Rosters!D40, Scoring!M74:M85), "") -> 11 | C40: * | D40: Justin Herbert (LAC) | E40: =IF(F40="*", SUMIF(Scoring!B86:B97, Rosters!G40, Scoring!M86:M97), "") -> 16 | F40: * | G40: Trevor Lawrence (Jax) | H40: =IF(I40="*", SUMIF(Scoring!B98:B109, Rosters!J40, Scoring!M98:M109), "") -> 15 | I40: * | J40: Joe Burrow (Cin) | K40: =IF(L40="*", SUMIF(Scoring!B110:B121, Rosters!M40, Scoring!M110:M121), "") -> 0 | L40: * | M40: Lamar Jackson (Bal) | N40: =IF(O40="*", SUMIF(Scoring!B122:B133, Rosters!P40, Scoring!M122:M133), "") -> 27 | O40: * | P40: Patrick Mahomes (KC) | Q40: =IF(R40="*", SUMIF(Scoring!B134:B145, Rosters!S40, Scoring!M134:M145), "") | S40: CJ Stroud (Hou)
B41: =IF(C41="*", SUMIF(Scoring!B74:B85, Rosters!D41, Scoring!M74:M85), "") | D41: Aaron Rodgers (Pit) | E41: =IF(F41="*", SUMIF(Scoring!B86:B97, Rosters!G41, Scoring!M86:M97), "") | G41: JJ McCarthy (Min) | H41: =IF(I41="*", SUMIF(Scoring!B98:B109, Rosters!J41, Scoring!M98:M109), "") | J41: Sam Darnold (Sea) | K41: =IF(L41="*", SUMIF(Scoring!B110:B121, Rosters!M41, Scoring!M110:M121), "") | M41: Drake Maye (NE) | N41: =IF(O41="*", SUMIF(Scoring!B122:B133, Rosters!P41, Scoring!M122:M133), "") | P41: Justin Fields (NYJ) | Q41: =IF(R41="*", SUMIF(Scoring!B134:B145, Rosters!S41, Scoring!M134:M145), "") -> 15 | R41: * | S41: Jared Goff (Det)
B42: =IF(C42="*", SUMIF(Scoring!B74:B85, Rosters!D42, Scoring!M74:M85), "") | D42: Jameis Winston (NYG) | E42: =IF(F42="*", SUMIF(Scoring!B86:B97, Rosters!G42, Scoring!M86:M97), "") | G42: Cam Ward (Ten) | H42: =IF(I42="*", SUMIF(Scoring!B98:B109, Rosters!J42, Scoring!M98:M109), "") | J42: Jalen Milroe (Sea) | K42: =IF(L42="*", SUMIF(Scoring!B110:B121, Rosters!M42, Scoring!M110:M121), "") | M42: Michael Penix (Atl) | N42: =IF(O42="*", SUMIF(Scoring!B122:B133, Rosters!P42, Scoring!M122:M133), "") | P42: Bryce Young (Car) | Q42: =IF(R42="*", SUMIF(Scoring!B134:B145, Rosters!S42, Scoring!M134:M145), "") | S42: Daniel Jones (Ind)
A44: RB | B44: =IF(C44="*", SUMIF(Scoring!B74:B85, Rosters!D44, Scoring!M74:M85), "") -> 0 | C44: * | D44: TreVeyon Henderson (NE) | E44: =IF(F44="*", SUMIF(Scoring!B86:B97, Rosters!G44, Scoring!M86:M97), "") | G44: Christian McCaffrey (SF) | H44: =IF(I44="*", SUMIF(Scoring!B98:B109, Rosters!J44, Scoring!M98:M109), "") -> 11 | I44: * | J44: Bijan Robinson (Atl) | K44: =IF(L44="*", SUMIF(Scoring!B110:B121, Rosters!M44, Scoring!M110:M121), "") -> 2 | L44: * | M44: Jonathan Taylor (Ind) | N44: =IF(O44="*", SUMIF(Scoring!B122:B133, Rosters!P44, Scoring!M122:M133), "") -> 2 | O44: * | P44: Chase Brown (Cin) | Q44: =IF(R44="*", SUMIF(Scoring!B134:B145, Rosters!S44, Scoring!M134:M145), "") -> 0 | R44: * | S44: Saquon Barkley (Phi)
B45: =IF(C45="*", SUMIF(Scoring!B74:B85, Rosters!D45, Scoring!M74:M85), "") | D45: Brian Robinson (SF) | E45: =IF(F45="*", SUMIF(Scoring!B86:B97, Rosters!G45, Scoring!M86:M97), "") -> 0 | F45: * | G45: Kenneth Walker III (Sea) | H45: =IF(I45="*", SUMIF(Scoring!B98:B109, Rosters!J45, Scoring!M98:M109), "") | J45: Bucky Irving (TB) | K45: =IF(L45="*", SUMIF(Scoring!B110:B121, Rosters!M45, Scoring!M110:M121), "") -> 8 | L45: * | M45: Derrick Henry (Bal) | N45: =IF(O45="*", SUMIF(Scoring!B122:B133, Rosters!P45, Scoring!M122:M133), "") | P45: Alvin Kamara (NO) | Q45: =IF(R45="*", SUMIF(Scoring!B134:B145, Rosters!S45, Scoring!M134:M145), "") -> 0 | R45: * | S45: Ashton Jeanty (LV)
B46: =IF(C46="*", SUMIF(Scoring!B74:B85, Rosters!D46, Scoring!M74:M85), "") | D46: Jacory Croskey-Merritt (Was) | E46: =IF(F46="*", SUMIF(Scoring!B86:B97, Rosters!G46, Scoring!M86:M97), "") -> 6 | F46: * | G46: David Montgomery (Det) | H46: =IF(I46="*", SUMIF(Scoring!B98:B109, Rosters!J46, Scoring!M98:M109), "") -> 4 | I46: * | J46: James Cook (Buf) | K46: =IF(L46="*", SUMIF(Scoring!B110:B121, Rosters!M46, Scoring!M110:M121), "") | M46: Aaron Jones (Min) | N46: =IF(O46="*", SUMIF(Scoring!B122:B133, Rosters!P46, Scoring!M122:M133), "") -> 0 | O46: * | P46: Tony Pollard (TEN) | Q46: =IF(R46="*", SUMIF(Scoring!B134:B145, Rosters!S46, Scoring!M134:M145), "") | S46: Breece Hall (NYJ)
B47: =IF(C47="*", SUMIF(Scoring!B74:B85, Rosters!D47, Scoring!M74:M85), "") -> 6 | C47: * | D47: Javonte Williams (Dal) | E47: =IF(F47="*", SUMIF(Scoring!B86:B97, Rosters!G47, Scoring!M86:M97), "") | G47: Najee Harris (LAC) | H47: =IF(I47="*", SUMIF(Scoring!B98:B109, Rosters!J47, Scoring!M98:M109), "") | J47: Bhayshul Tuten (Jax) | K47: =IF(L47="*", SUMIF(Scoring!B110:B121, Rosters!M47, Scoring!M110:M121), "") | M47: Rico Dowdle (Car) | N47: =IF(O47="*", SUMIF(Scoring!B122:B133, Rosters!P47, Scoring!M122:M133), "") | P47: Cam Skattebo (NYG) | Q47: =IF(R47="*", SUMIF(Scoring!B134:B145, Rosters!S47, Scoring!M134:M145), "") | S47: Kimani Vidal (LAC)
A49: WR | B49: =IF(C49="*", SUMIF(Scoring!B74:B85, Rosters!D49, Scoring!M74:M85), "") -> 8 | C49: * | D49: Nico Collins (Hou) | E49: =IF(F49="*", SUMIF(Scoring!B86:B97, Rosters!G49, Scoring!M86:M97), "") -> 6 | F49: * | G49: Ladd McConkey (LAC) | H49: =IF(I49="*", SUMIF(Scoring!B98:B109, Rosters!J49, Scoring!M98:M109), "") -> 0 | I49: * | J49: Brian Thomas Jr. (Jax) | K49: =IF(L49="*", SUMIF(Scoring!B110:B121, Rosters!M49, Scoring!M110:M121), "") -> 0 | L49: * | M49: DeVonta Smith (Phi) | N49: =IF(O49="*", SUMIF(Scoring!B122:B133, Rosters!P49, Scoring!M122:M133), "") | P49: Malik Nabers (NYG) | Q49: =IF(R49="*", SUMIF(Scoring!B134:B145, Rosters!S49, Scoring!M134:M145), "") | S49: Garrett Wilson (NYJ)
B50: =IF(C50="*", SUMIF(Scoring!B74:B85, Rosters!D50, Scoring!M74:M85), "") | D50: Calvin Ridley (Ten) | E50: =IF(F50="*", SUMIF(Scoring!B86:B97, Rosters!G50, Scoring!M86:M97), "") -> 0 | F50: * | G50: Jaylen Waddle (Mia) | H50: =IF(I50="*", SUMIF(Scoring!B98:B109, Rosters!J50, Scoring!M98:M109), "") | J50: Drake London (Atl) | K50: =IF(L50="*", SUMIF(Scoring!B110:B121, Rosters!M50, Scoring!M110:M121), "") | M50: Terry McLaurin (Was) | N50: =IF(O50="*", SUMIF(Scoring!B122:B133, Rosters!P50, Scoring!M122:M133), "") -> 9 | O50: * | P50: CeeDee Lamb (Dal) | Q50: =IF(R50="*", SUMIF(Scoring!B134:B145, Rosters!S50, Scoring!M134:M145), "") -> 0 | R50: * | S50: Xavier Worthy (KC)
B51: =IF(C51="*", SUMIF(Scoring!B74:B85, Rosters!D51, Scoring!M74:M85), "") -> 0 | C51: * | D51: Khalil Shakir (Buf) | E51: =IF(F51="*", SUMIF(Scoring!B86:B97, Rosters!G51, Scoring!M86:M97), "") | G51: Stefon Diggs (NE) | H51: =IF(I51="*", SUMIF(Scoring!B98:B109, Rosters!J51, Scoring!M98:M109), "") -> 16 | I51: * | J51: A.J. Brown (PHI) | K51: =IF(L51="*", SUMIF(Scoring!B110:B121, Rosters!M51, Scoring!M110:M121), "") -> 4 | L51: * | M51: George Pickens (Dal) | N51: =IF(O51="*", SUMIF(Scoring!B122:B133, Rosters!P51, Scoring!M122:M133), "") -> 0 | O51: * | P51: Rome Odunze (Chi) | Q51: =IF(R51="*", SUMIF(Scoring!B134:B145, Rosters!S51, Scoring!M134:M145), "") -> 6 | R51: * | S51: Chris Olave (NO)
B52: =IF(C52="*", SUMIF(Scoring!B74:B85, Rosters!D52, Scoring!M74:M85), "") | D52: Kayshon Boutte (NE) | E52: =IF(F52="*", SUMIF(Scoring!B86:B97, Rosters!G52, Scoring!M86:M97), "") | G52: Cooper Kupp (Sea) | H52: =IF(I52="*", SUMIF(Scoring!B98:B109, Rosters!J52, Scoring!M98:M109), "") | J52: Matthew Golden (GB) | K52: =IF(L52="*", SUMIF(Scoring!B110:B121, Rosters!M52, Scoring!M110:M121), "") | M52: Chris Godwin (TB) | N52: =IF(O52="*", SUMIF(Scoring!B122:B133, Rosters!P52, Scoring!M122:M133), "") | P52: Travis Hunter (Jax) | Q52: =IF(R52="*", SUMIF(Scoring!B134:B145, Rosters!S52, Scoring!M134:M145), "") | S52: Ricky Pearsall (SF)
A54: TE | B54: =IF(C54="*", SUMIF(Scoring!B74:B85, Rosters!D54, Scoring!M74:M85), "") -> 2 | C54: * | D54: Hunter Henry (NE) | E54: =IF(F54="*", SUMIF(Scoring!B86:B97, Rosters!G54, Scoring!M86:M97), "") -> 9 | F54: * | G54: Trey McBride (Arz) | H54: =IF(I54="*", SUMIF(Scoring!B98:B109, Rosters!J54, Scoring!M98:M109), "") -> 14 | I54: * | J54: Brock Bowers (LV) | K54: =IF(L54="*", SUMIF(Scoring!B110:B121, Rosters!M54, Scoring!M110:M121), "") -> 2 | L54: * | M54: George Kittle (SF) | N54: =IF(O54="*", SUMIF(Scoring!B122:B133, Rosters!P54, Scoring!M122:M133), "") -> 0 | O54: * | P54: Mark Andrews (Bal) | Q54: =IF(R54="*", SUMIF(Scoring!B134:B145, Rosters!S54, Scoring!M134:M145), "") | S54: Kyle Pitts (Atl)
B55: =IF(C55="*", SUMIF(Scoring!B74:B85, Rosters!D55, Scoring!M74:M85), "") | D55: Colston Loveland (Chi) | E55: =IF(F55="*", SUMIF(Scoring!B86:B97, Rosters!G55, Scoring!M86:M97), "") | G55: Mike Gesicki (Cin) | H55: =IF(I55="*", SUMIF(Scoring!B98:B109, Rosters!J55, Scoring!M98:M109), "") | J55: Dalton Kincaid (Buf) | K55: =IF(L55="*", SUMIF(Scoring!B110:B121, Rosters!M55, Scoring!M110:M121), "") | M55: David Njoku (Cle) | N55: =IF(O55="*", SUMIF(Scoring!B122:B133, Rosters!P55, Scoring!M122:M133), "") | P55: Isaiah Likely (Bal) | Q55: =IF(R55="*", SUMIF(Scoring!B134:B145, Rosters!S55, Scoring!M134:M145), "") | S55: Terrance Ferguson (LAR)
B56: =IF(C56="*", SUMIF(Scoring!B74:B85, Rosters!D56, Scoring!M74:M85), "") | D56: Zach Ertz (Was) | E56: =IF(F56="*", SUMIF(Scoring!B86:B97, Rosters!G56, Scoring!M86:M97), "") | G56: Tyler Higbee (Cin) | H56: =IF(I56="*", SUMIF(Scoring!B98:B109, Rosters!J56, Scoring!M98:M109), "") | J56: Harold Fannin (Cle) | K56: =IF(L56="*", SUMIF(Scoring!B110:B121, Rosters!M56, Scoring!M110:M121), "") | M56: Oronde Gadsden (LAC) | N56: =IF(O56="*", SUMIF(Scoring!B122:B133, Rosters!P56, Scoring!M122:M133), "") | P56: Elijah Arroyo (Sea) | Q56: =IF(R56="*", SUMIF(Scoring!B134:B145, Rosters!S56, Scoring!M134:M145), "") -> 0 | R56: * | S56: AJ Barner (Sea)
A58: K | B58: =IF(C58="*", SUMIF(Scoring!B74:B85, Rosters!D58, Scoring!M74:M85), "") -> 17 | C58: * | D58: Evan McPherson (Cin) | E58: =IF(F58="*", SUMIF(Scoring!B86:B97, Rosters!G58, Scoring!M86:M97), "") | G58: Younghoe Koo (Atl) | H58: =IF(I58="*", SUMIF(Scoring!B98:B109, Rosters!J58, Scoring!M98:M109), "") -> 5 | I58: * | J58: Jake Bates (Det) | K58: =IF(L58="*", SUMIF(Scoring!B110:B121, Rosters!M58, Scoring!M110:M121), "") -> 5 | L58: * | M58: Cam Little (Jax) | N58: =IF(O58="*", SUMIF(Scoring!B122:B133, Rosters!P58, Scoring!M122:M133), "") -> 6 | O58: * | P58: Ka'imi Fairbairn (Hou) | Q58: =IF(R58="*", SUMIF(Scoring!B134:B145, Rosters!S58, Scoring!M134:M145), "") | S58: Harrison Butker (KC)
B59: =IF(C59="*", SUMIF(Scoring!B74:B85, Rosters!D59, Scoring!M74:M85), "") | D59: Graham Gano (NYG) | E59: =IF(F59="*", SUMIF(Scoring!B86:B97, Rosters!G59, Scoring!M86:M97), "") -> 2 | F59: * | G59: Daniel Carlson (LV) | H59: =IF(I59="*", SUMIF(Scoring!B98:B109, Rosters!J59, Scoring!M98:M109), "") | J59: Michael Badgley (Ind) | K59: =IF(L59="*", SUMIF(Scoring!B110:B121, Rosters!M59, Scoring!M110:M121), "") | M59: Chad Ryland (Arz) | N59: =IF(O59="*", SUMIF(Scoring!B122:B133, Rosters!P59, Scoring!M122:M133), "") | P59: Joshua Karty (LAR) | Q59: =IF(R59="*", SUMIF(Scoring!B134:B145, Rosters!S59, Scoring!M134:M145), "") -> 6 | R59: * | S59: Andres Borregales (NE)
A61: DF | B61: =IF(C61="*", SUMIF(Scoring!B74:B85, Rosters!D61, Scoring!M74:M85), "") | D61: NY Giants | E61: =IF(F61="*", SUMIF(Scoring!B86:B97, Rosters!G61, Scoring!M86:M97), "") | G61: Green Bay | H61: =IF(I61="*", SUMIF(Scoring!B98:B109, Rosters!J61, Scoring!M98:M109), "") | J61: Philadelphia | K61: =IF(L61="*", SUMIF(Scoring!B110:B121, Rosters!M61, Scoring!M110:M121), "") | M61: Pittsburgh | N61: =IF(O61="*", SUMIF(Scoring!B122:B133, Rosters!P61, Scoring!M122:M133), "") | P61: Buffalo | Q61: =IF(R61="*", SUMIF(Scoring!B134:B145, Rosters!S61, Scoring!M134:M145), "") -> 0 | R61: * | S61: Detroit
B62: =IF(C62="*", SUMIF(Scoring!B74:B85, Rosters!D62, Scoring!M74:M85), "") -> 2 | C62: * | D62: Atlanta | E62: =IF(F62="*", SUMIF(Scoring!B86:B97, Rosters!G62, Scoring!M86:M97), "") -> 8 | F62: * | G62: Minnesota | H62: =IF(I62="*", SUMIF(Scoring!B98:B109, Rosters!J62, Scoring!M98:M109), "") -> 4 | I62: * | J62: Indianapolis | K62: =IF(L62="*", SUMIF(Scoring!B110:B121, Rosters!M62, Scoring!M110:M121), "") -> 9 | L62: * | M62: LA Chargers | N62: =IF(O62="*", SUMIF(Scoring!B122:B133, Rosters!P62, Scoring!M122:M133), "") -> 1 | O62: * | P62: Cleveland | Q62: =IF(R62="*", SUMIF(Scoring!B134:B145, Rosters!S62, Scoring!M134:M145), "") | S62: Washington
A64: HC | B64: =IF(C64="*", SUMIF(Scoring!B74:B85, Rosters!D64, Scoring!M74:M85), "") | D64: Matt LaFleur (GB) | E64: =IF(F64="*", SUMIF(Scoring!B86:B97, Rosters!G64, Scoring!M86:M97), "") | G64: Andy Reid (KC) | H64: =IF(I64="*", SUMIF(Scoring!B98:B109, Rosters!J64, Scoring!M98:M109), "") | J64: Nick Sirianni (Phi) | K64: =IF(L64="*", SUMIF(Scoring!B110:B121, Rosters!M64, Scoring!M110:M121), "") | M64: Sean McDermott (Buf) | N64: =IF(O64="*", SUMIF(Scoring!B122:B133, Rosters!P64, Scoring!M122:M133), "") -> 7 | O64: * | P64: Zac Taylor (Cin) | Q64: =IF(R64="*", SUMIF(Scoring!B134:B145, Rosters!S64, Scoring!M134:M145), "") | S64: Dan Quinn (Was)
B65: =IF(C65="*", SUMIF(Scoring!B74:B85, Rosters!D65, Scoring!M74:M85), "") -> 4 | C65: * | D65: Mike Macdonald (Sea) | E65: =IF(F65="*", SUMIF(Scoring!B86:B97, Rosters!G65, Scoring!M86:M97), "") | G65: Jim Harbaugh (LAC) | H65: =IF(I65="*", SUMIF(Scoring!B98:B109, Rosters!J65, Scoring!M98:M109), "") -> 5 | I65: * | J65: Liam Coen (Jax) | K65: =IF(L65="*", SUMIF(Scoring!B110:B121, Rosters!M65, Scoring!M110:M121), "") -> 0 | L65: * | M65: Raheem Morris (Atl) | N65: =IF(O65="*", SUMIF(Scoring!B122:B133, Rosters!P65, Scoring!M122:M133), "") | P65: Kevin O'Connell (Min) | Q65: =IF(R65="*", SUMIF(Scoring!B134:B145, Rosters!S65, Scoring!M134:M145), "") -> 6 | R65: * | S65: Brian Schottenheimer (Dal)
D67: =SUM(B40:B66) -> 50 | G67: =SUM(E40:E66) -> 47 | J67: =SUM(H40:H66) -> 74 | M67: =SUM(K40:K66) -> 30 | P67: =SUM(N40:N66) -> 52 | S67: =SUM(Q40:Q66) -> 33
A69: PH | D69: 290-3039 cell | G69: (925) 285-4689 cell | J69: (925) 963-4220 (B) | M69: 759-5396 cell | P69: 282-0896 cell | S69: 566-9674 cell
J70: 421-1634 (W)
A72: TS

Sheet Matchups
A1: =if(H2=1, Scoring!A86, if(H2=2, Scoring!A26, if(H2=3, Scoring!A98, if(H2=4, Scoring!A14, if(H2=5, Scoring!A62, if(H2=6, Scoring!A122, if(H2=7, Scoring!A38, if(H2=8, Scoring!A110, if(H2=9, Scoring!A2, if(H2=10, Scoring!A74, if(H2=11, Scoring!A134, Scoring!A50))))))))))) -> K/A/M | D1: =if(I2=1, Scoring!A86, if(I2=2, Scoring!A26, if(I2=3, Scoring!A98, if(I2=4, Scoring!A14, if(I2=5, Scoring!A62, if(I2=6, Scoring!A122, if(I2=7, Scoring!A38, if(I2=8, Scoring!A110, if(I2=9, Scoring!A2, if(I2=10, Scoring!A74, if(I2=11, Scoring!A134, Scoring!A50))))))))))) -> Steve L | L1: Key
A2: =if($H$2=1, Scoring!B86, if($H$2=2, Scoring!B26, if($H$2=3, Scoring!B98, if($H$2=4, Scoring!B14, if($H$2=5, Scoring!B62, if($H$2=6, Scoring!B122, if($H$2=7, Scoring!B38, if($H$2=8, Scoring!B110, if($H$2=9, Scoring!B2, if($H$2=10, Scoring!B74, if($H$2=11, Scoring!B134, Scoring!B50))))))))))) -> Lamar Jackson (Bal) | B2: =if($H$2=1, Scoring!M86, if($H$2=2, Scoring!M26, if($H$2=3, Scoring!M98, if($H$2=4, Scoring!M14, if($H$2=5, Scoring!M62, if($H$2=6, Scoring!M122, if($H$2=7, Scoring!M38, if($H$2=8, Scoring!M110, if($H$2=9, Scoring!M2, if($H$2=10, Scoring!M74, if($H$2=11, Scoring!M134, Scoring!M50))))))))))) -> 0 | D2: =if($I$2=1, Scoring!B86, if($I$2=2, Scoring!B26, if($I$2=3, Scoring!B98, if($I$2=4, Scoring!B14, if($I$2=5, Scoring!B62, if($I$2=6, Scoring!B122, if($I$2=7, Scoring!B38, if($I$2=8, Scoring!B110, if($I$2=9, Scoring!B2, if($I$2=10, Scoring!B74, if($I$2=11, Scoring!B134, Scoring!B50))))))))))) -> Tua Tagovailoa (Mia) | E2: =if($I$2=1, Scoring!M86, if($I$2=2, Scoring!M26, if($I$2=3, Scoring!M98, if($I$2=4, Scoring!M14, if($I$2=5, Scoring!M62, if($I$2=6, Scoring!M122, if($I$2=7, Scoring!M38, if($I$2=8, Scoring!M110, if($I$2=9, Scoring!M2, if($I$2=10, Scoring!M74, if($I$2=11, Scoring!M134, Scoring!M50))))))))))) -> 0 | H2: 8 | I2: 4 | L2: 1=andrew
A3: =if($H$2=1, Scoring!B87, if($H$2=2, Scoring!B27, if($H$2=3, Scoring!B99, if($H$2=4, Scoring!B15, if($H$2=5, Scoring!B63, if($H$2=6, Scoring!B123, if($H$2=7, Scoring!B39, if($H$2=8, Scoring!B111, if($H$2=9, Scoring!B3, if($H$2=10, Scoring!B75, if($H$2=11, Scoring!B135, Scoring!B51))))))))))) -> Jonathan Taylor (Ind) | B3: =if($H$2=1, Scoring!M87, if($H$2=2, Scoring!M27, if($H$2=3, Scoring!M99, if($H$2=4, Scoring!M15, if($H$2=5, Scoring!M63, if($H$2=6, Scoring!M123, if($H$2=7, Scoring!M39, if($H$2=8, Scoring!M111, if($H$2=9, Scoring!M3, if($H$2=10, Scoring!M75, if($H$2=11, Scoring!M135, Scoring!M51))))))))))) -> 2 | D3: =if($I$2=1, Scoring!B87, if($I$2=2, Scoring!B27, if($I$2=3, Scoring!B99, if($I$2=4, Scoring!B15, if($I$2=5, Scoring!B63, if($I$2=6, Scoring!B123, if($I$2=7, Scoring!B39, if($I$2=8, Scoring!B111, if($I$2=9, Scoring!B3, if($I$2=10, Scoring!B75, if($I$2=11, Scoring!B135, Scoring!B51))))))))))) -> Jahmyr Gibbs (Det) | E3: =if($I$2=1, Scoring!M87, if($I$2=2, Scoring!M27, if($I$2=3, Scoring!M99, if($I$2=4, Scoring!M15, if($I$2=5, Scoring!M63, if($I$2=6, Scoring!M123, if($I$2=7, Scoring!M39, if($I$2=8, Scoring!M111, if($I$2=9, Scoring!M3, if($I$2=10, Scoring!M75, if($I$2=11, Scoring!M135, Scoring!M51))))))))))) -> 0 | H3: 12 | I3: 9 | L3: 2=John
A4: =if($H$2=1, Scoring!B88, if($H$2=2, Scoring!B28, if($H$2=3, Scoring!B100, if($H$2=4, Scoring!B16, if($H$2=5, Scoring!B64, if($H$2=6, Scoring!B124, if($H$2=7, Scoring!B40, if($H$2=8, Scoring!B112, if($H$2=9, Scoring!B4, if($H$2=10, Scoring!B76, if($H$2=11, Scoring!B136, Scoring!B52))))))))))) -> Derrick Henry (Bal) | B4: =if($H$2=1, Scoring!M88, if($H$2=2, Scoring!M28, if($H$2=3, Scoring!M100, if($H$2=4, Scoring!M16, if($H$2=5, Scoring!M64, if($H$2=6, Scoring!M124, if($H$2=7, Scoring!M40, if($H$2=8, Scoring!M112, if($H$2=9, Scoring!M4, if($H$2=10, Scoring!M76, if($H$2=11, Scoring!M136, Scoring!M52))))))))))) -> 8 | D4: =if($I$2=1, Scoring!B88, if($I$2=2, Scoring!B28, if($I$2=3, Scoring!B100, if($I$2=4, Scoring!B16, if($I$2=5, Scoring!B64, if($I$2=6, Scoring!B124, if($I$2=7, Scoring!B40, if($I$2=8, Scoring!B112, if($I$2=9, Scoring!B4, if($I$2=10, Scoring!B76, if($I$2=11, Scoring!B136, Scoring!B52))))))))))) -> Isiah Pacheco (KC) | E4: =if($I$2=1, Scoring!M88, if($I$2=2, Scoring!M28, if($I$2=3, Scoring!M100, if($I$2=4, Scoring!M16, if($I$2=5, Scoring!M64, if($I$2=6, Scoring!M124, if($I$2=7, Scoring!M40, if($I$2=8, Scoring!M112, if($I$2=9, Scoring!M4, if($I$2=10, Scoring!M76, if($I$2=11, Scoring!M136, Scoring!M52))))))))))) -> 0 | H4: 7 | I4: 3 | L4: 3=w/b
A5: =if($H$2=1, Scoring!B89, if($H$2=2, Scoring!B29, if($H$2=3, Scoring!B101, if($H$2=4, Scoring!B17, if($H$2=5, Scoring!B65, if($H$2=6, Scoring!B125, if($H$2=7, Scoring!B41, if($H$2=8, Scoring!B113, if($H$2=9, Scoring!B5, if($H$2=10, Scoring!B77, if($H$2=11, Scoring!B137, Scoring!B53))))))))))) -> DeVonta Smith (Phi) | B5: =if($H$2=1, Scoring!M89, if($H$2=2, Scoring!M29, if($H$2=3, Scoring!M101, if($H$2=4, Scoring!M17, if($H$2=5, Scoring!M65, if($H$2=6, Scoring!M125, if($H$2=7, Scoring!M41, if($H$2=8, Scoring!M113, if($H$2=9, Scoring!M5, if($H$2=10, Scoring!M77, if($H$2=11, Scoring!M137, Scoring!M53))))))))))) -> 0 | D5: =if($I$2=1, Scoring!B89, if($I$2=2, Scoring!B29, if($I$2=3, Scoring!B101, if($I$2=4, Scoring!B17, if($I$2=5, Scoring!B65, if($I$2=6, Scoring!B125, if($I$2=7, Scoring!B41, if($I$2=8, Scoring!B113, if($I$2=9, Scoring!B5, if($I$2=10, Scoring!B77, if($I$2=11, Scoring!B137, Scoring!B53))))))))))) -> Christian Watson (GB) | E5: =if($I$2=1, Scoring!M89, if($I$2=2, Scoring!M29, if($I$2=3, Scoring!M101, if($I$2=4, Scoring!M17, if($I$2=5, Scoring!M65, if($I$2=6, Scoring!M125, if($I$2=7, Scoring!M41, if($I$2=8, Scoring!M113, if($I$2=9, Scoring!M5, if($I$2=10, Scoring!M77, if($I$2=11, Scoring!M137, Scoring!M53))))))))))) -> 8 | H5: 10 | I5: 1 | L5: 4=SL
A6: =if($H$2=1, Scoring!B90, if($H$2=2, Scoring!B30, if($H$2=3, Scoring!B102, if($H$2=4, Scoring!B18, if($H$2=5, Scoring!B66, if($H$2=6, Scoring!B126, if($H$2=7, Scoring!B42, if($H$2=8, Scoring!B114, if($H$2=9, Scoring!B6, if($H$2=10, Scoring!B78, if($H$2=11, Scoring!B138, Scoring!B54))))))))))) -> George Pickens (Dal) | B6: =if($H$2=1, Scoring!M90, if($H$2=2, Scoring!M30, if($H$2=3, Scoring!M102, if($H$2=4, Scoring!M18, if($H$2=5, Scoring!M66, if($H$2=6, Scoring!M126, if($H$2=7, Scoring!M42, if($H$2=8, Scoring!M114, if($H$2=9, Scoring!M6, if($H$2=10, Scoring!M78, if($H$2=11, Scoring!M138, Scoring!M54))))))))))) -> 4 | D6: =if($I$2=1, Scoring!B90, if($I$2=2, Scoring!B30, if($I$2=3, Scoring!B102, if($I$2=4, Scoring!B18, if($I$2=5, Scoring!B66, if($I$2=6, Scoring!B126, if($I$2=7, Scoring!B42, if($I$2=8, Scoring!B114, if($I$2=9, Scoring!B6, if($I$2=10, Scoring!B78, if($I$2=11, Scoring!B138, Scoring!B54))))))))))) -> Tet McMillan (Car) | E6: =if($I$2=1, Scoring!M90, if($I$2=2, Scoring!M30, if($I$2=3, Scoring!M102, if($I$2=4, Scoring!M18, if($I$2=5, Scoring!M66, if($I$2=6, Scoring!M126, if($I$2=7, Scoring!M42, if($I$2=8, Scoring!M114, if($I$2=9, Scoring!M6, if($I$2=10, Scoring!M78, if($I$2=11, Scoring!M138, Scoring!M54))))))))))) -> 6 | H6: 6 | I6: 2 | L6: 5=G/G
A7: =if($H$2=1, Scoring!B91, if($H$2=2, Scoring!B31, if($H$2=3, Scoring!B103, if($H$2=4, Scoring!B19, if($H$2=5, Scoring!B67, if($H$2=6, Scoring!B127, if($H$2=7, Scoring!B43, if($H$2=8, Scoring!B115, if($H$2=9, Scoring!B7, if($H$2=10, Scoring!B79, if($H$2=11, Scoring!B139, Scoring!B55))))))))))) -> George Kittle (SF) | B7: =if($H$2=1, Scoring!M91, if($H$2=2, Scoring!M31, if($H$2=3, Scoring!M103, if($H$2=4, Scoring!M19, if($H$2=5, Scoring!M67, if($H$2=6, Scoring!M127, if($H$2=7, Scoring!M43, if($H$2=8, Scoring!M115, if($H$2=9, Scoring!M7, if($H$2=10, Scoring!M79, if($H$2=11, Scoring!M139, Scoring!M55))))))))))) -> 2 | D7: =if($I$2=1, Scoring!B91, if($I$2=2, Scoring!B31, if($I$2=3, Scoring!B103, if($I$2=4, Scoring!B19, if($I$2=5, Scoring!B67, if($I$2=6, Scoring!B127, if($I$2=7, Scoring!B43, if($I$2=8, Scoring!B115, if($I$2=9, Scoring!B7, if($I$2=10, Scoring!B79, if($I$2=11, Scoring!B139, Scoring!B55))))))))))) -> Gunnar Helm (Ten) | E7: =if($I$2=1, Scoring!M91, if($I$2=2, Scoring!M31, if($I$2=3, Scoring!M103, if($I$2=4, Scoring!M19, if($I$2=5, Scoring!M67, if($I$2=6, Scoring!M127, if($I$2=7, Scoring!M43, if($I$2=8, Scoring!M115, if($I$2=9, Scoring!M7, if($I$2=10, Scoring!M79, if($I$2=11, Scoring!M139, Scoring!M55))))))))))) -> 0 | H7: 11 | I7: 5 | L7: 6=J/M
A8: =if($H$2=1, Scoring!B93, if($H$2=2, Scoring!B33, if($H$2=3, Scoring!B105, if($H$2=4, Scoring!B21, if($H$2=5, Scoring!B69, if($H$2=6, Scoring!B129, if($H$2=7, Scoring!B45, if($H$2=8, Scoring!B117, if($H$2=9, Scoring!B9, if($H$2=10, Scoring!B81, if($H$2=11, Scoring!B141, Scoring!B57))))))))))) -> Cam Little (Jax) | B8: =if($H$2=1, Scoring!M93, if($H$2=2, Scoring!M33, if($H$2=3, Scoring!M105, if($H$2=4, Scoring!M21, if($H$2=5, Scoring!M69, if($H$2=6, Scoring!M129, if($H$2=7, Scoring!M45, if($H$2=8, Scoring!M117, if($H$2=9, Scoring!M9, if($H$2=10, Scoring!M81, if($H$2=11, Scoring!M141, Scoring!M57))))))))))) -> 5 | D8: =if($I$2=1, Scoring!B93, if($I$2=2, Scoring!B33, if($I$2=3, Scoring!B105, if($I$2=4, Scoring!B21, if($I$2=5, Scoring!B69, if($I$2=6, Scoring!B129, if($I$2=7, Scoring!B45, if($I$2=8, Scoring!B117, if($I$2=9, Scoring!B9, if($I$2=10, Scoring!B81, if($I$2=11, Scoring!B141, Scoring!B57))))))))))) -> Brandon Aubrey (Dal) | E8: =if($I$2=1, Scoring!M93, if($I$2=2, Scoring!M33, if($I$2=3, Scoring!M105, if($I$2=4, Scoring!M21, if($I$2=5, Scoring!M69, if($I$2=6, Scoring!M129, if($I$2=7, Scoring!M45, if($I$2=8, Scoring!M117, if($I$2=9, Scoring!M9, if($I$2=10, Scoring!M81, if($I$2=11, Scoring!M141, Scoring!M57))))))))))) -> 8 | L8: 7=KL
A9: =if($H$2=1, Scoring!B95, if($H$2=2, Scoring!B35, if($H$2=3, Scoring!B107, if($H$2=4, Scoring!B23, if($H$2=5, Scoring!B71, if($H$2=6, Scoring!B131, if($H$2=7, Scoring!B47, if($H$2=8, Scoring!B119, if($H$2=9, Scoring!B11, if($H$2=10, Scoring!B83, if($H$2=11, Scoring!B143, Scoring!B59))))))))))) -> LA Chargers | B9: =if($H$2=1, Scoring!M95, if($H$2=2, Scoring!M35, if($H$2=3, Scoring!M107, if($H$2=4, Scoring!M23, if($H$2=5, Scoring!M71, if($H$2=6, Scoring!M131, if($H$2=7, Scoring!M47, if($H$2=8, Scoring!M119, if($H$2=9, Scoring!M11, if($H$2=10, Scoring!M83, if($H$2=11, Scoring!M143, Scoring!M59))))))))))) -> 9 | D9: =if($I$2=1, Scoring!B95, if($I$2=2, Scoring!B35, if($I$2=3, Scoring!B107, if($I$2=4, Scoring!B23, if($I$2=5, Scoring!B71, if($I$2=6, Scoring!B131, if($I$2=7, Scoring!B47, if($I$2=8, Scoring!B119, if($I$2=9, Scoring!B11, if($I$2=10, Scoring!B83, if($I$2=11, Scoring!B143, Scoring!B59))))))))))) -> Houston | E9: =if($I$2=1, Scoring!M95, if($I$2=2, Scoring!M35, if($I$2=3, Scoring!M107, if($I$2=4, Scoring!M23, if($I$2=5, Scoring!M71, if($I$2=6, Scoring!M131, if($I$2=7, Scoring!M47, if($I$2=8, Scoring!M119, if($I$2=9, Scoring!M11, if($I$2=10, Scoring!M83, if($I$2=11, Scoring!M143, Scoring!M59))))))))))) -> 3 | L9: 8=KAM
A10: =if($H$2=1, Scoring!B97, if($H$2=2, Scoring!B37, if($H$2=3, Scoring!B109, if($H$2=4, Scoring!B25, if($H$2=5, Scoring!B73, if($H$2=6, Scoring!B133, if($H$2=7, Scoring!B49, if($H$2=8, Scoring!B121, if($H$2=9, Scoring!B13, if($H$2=10, Scoring!B85, if($H$2=11, Scoring!B145, Scoring!B61))))))))))) -> Raheem Morris (Atl) | B10: =if($H$2=1, Scoring!M97, if($H$2=2, Scoring!M37, if($H$2=3, Scoring!M109, if($H$2=4, Scoring!M25, if($H$2=5, Scoring!M73, if($H$2=6, Scoring!M133, if($H$2=7, Scoring!M49, if($H$2=8, Scoring!M121, if($H$2=9, Scoring!M13, if($H$2=10, Scoring!M85, if($H$2=11, Scoring!M145, Scoring!M61))))))))))) -> 0 | D10: =if($I$2=1, Scoring!B97, if($I$2=2, Scoring!B37, if($I$2=3, Scoring!B109, if($I$2=4, Scoring!B25, if($I$2=5, Scoring!B73, if($I$2=6, Scoring!B133, if($I$2=7, Scoring!B49, if($I$2=8, Scoring!B121, if($I$2=9, Scoring!B13, if($I$2=10, Scoring!B85, if($I$2=11, Scoring!B145, Scoring!B61))))))))))) -> Dan Campbell (Det) | E10: =if($I$2=1, Scoring!M97, if($I$2=2, Scoring!M37, if($I$2=3, Scoring!M109, if($I$2=4, Scoring!M25, if($I$2=5, Scoring!M73, if($I$2=6, Scoring!M133, if($I$2=7, Scoring!M49, if($I$2=8, Scoring!M121, if($I$2=9, Scoring!M13, if($I$2=10, Scoring!M85, if($I$2=11, Scoring!M145, Scoring!M61))))))))))) -> 0 | L10: 9=K/D
B11: =sum(B2:B10) -> 30 | E11: =sum(E2:E10) -> 25 | L11: 10=E/J
L12: 11=Adam
A13: =if(H3=1, Scoring!A86, if(H3=2, Scoring!A26, if(H3=3, Scoring!A98, if(H3=4, Scoring!A14, if(H3=5, Scoring!A62, if(H3=6, Scoring!A122, if(H3=7, Scoring!A38, if(H3=8, Scoring!A110, if(H3=9, Scoring!A2, if(H3=10, Scoring!A74, if(H3=11, Scoring!A134, Scoring!A50))))))))))) -> D/J | D13: =if(I3=1, Scoring!A86, if(I3=2, Scoring!A26, if(I3=3, Scoring!A98, if(I3=4, Scoring!A14, if(I3=5, Scoring!A62, if(I3=6, Scoring!A122, if(I3=7, Scoring!A38, if(I3=8, Scoring!A110, if(I3=9, Scoring!A2, if(I3=10, Scoring!A74, if(I3=11, Scoring!A134, Scoring!A50))))))))))) -> Kirk/D | L13: 12=D/J
A14: =if($H$3=1, Scoring!B86, if($H$3=2, Scoring!B26, if($H$3=3, Scoring!B98, if($H$3=4, Scoring!B14, if($H$3=5, Scoring!B62, if($H$3=6, Scoring!B122, if($H$3=7, Scoring!B38, if($H$3=8, Scoring!B110, if($H$3=9, Scoring!B2, if($H$3=10, Scoring!B74, if($H$3=11, Scoring!B134, Scoring!B50))))))))))) -> Josh Allen (Buf) | B14: =if($H$3=1, Scoring!M86, if($H$3=2, Scoring!M26, if($H$3=3, Scoring!M98, if($H$3=4, Scoring!M14, if($H$3=5, Scoring!M62, if($H$3=6, Scoring!M122, if($H$3=7, Scoring!M38, if($H$3=8, Scoring!M110, if($H$3=9, Scoring!M2, if($H$3=10, Scoring!M74, if($H$3=11, Scoring!M134, Scoring!M50))))))))))) -> 11 | D14: =if($I$3=1, Scoring!B86, if($I$3=2, Scoring!B26, if($I$3=3, Scoring!B98, if($I$3=4, Scoring!B14, if($I$3=5, Scoring!B62, if($I$3=6, Scoring!B122, if($I$3=7, Scoring!B38, if($I$3=8, Scoring!B110, if($I$3=9, Scoring!B2, if($I$3=10, Scoring!B74, if($I$3=11, Scoring!B134, Scoring!B50))))))))))) -> Jordan Love (GB) | E14: =if($I$3=1, Scoring!M86, if($I$3=2, Scoring!M26, if($I$3=3, Scoring!M98, if($I$3=4, Scoring!M14, if($I$3=5, Scoring!M62, if($I$3=6, Scoring!M122, if($I$3=7, Scoring!M38, if($I$3=8, Scoring!M110, if($I$3=9, Scoring!M2, if($I$3=10, Scoring!M74, if($I$3=11, Scoring!M134, Scoring!M50))))))))))) -> 26
A15: =if($H$3=1, Scoring!B87, if($H$3=2, Scoring!B27, if($H$3=3, Scoring!B99, if($H$3=4, Scoring!B15, if($H$3=5, Scoring!B63, if($H$3=6, Scoring!B123, if($H$3=7, Scoring!B39, if($H$3=8, Scoring!B111, if($H$3=9, Scoring!B3, if($H$3=10, Scoring!B75, if($H$3=11, Scoring!B135, Scoring!B51))))))))))) -> Zach Charbonnet (Sea) | B15: =if($H$3=1, Scoring!M87, if($H$3=2, Scoring!M27, if($H$3=3, Scoring!M99, if($H$3=4, Scoring!M15, if($H$3=5, Scoring!M63, if($H$3=6, Scoring!M123, if($H$3=7, Scoring!M39, if($H$3=8, Scoring!M111, if($H$3=9, Scoring!M3, if($H$3=10, Scoring!M75, if($H$3=11, Scoring!M135, Scoring!M51))))))))))) -> 6 | D15: =if($I$3=1, Scoring!B87, if($I$3=2, Scoring!B27, if($I$3=3, Scoring!B99, if($I$3=4, Scoring!B15, if($I$3=5, Scoring!B63, if($I$3=6, Scoring!B123, if($I$3=7, Scoring!B39, if($I$3=8, Scoring!B111, if($I$3=9, Scoring!B3, if($I$3=10, Scoring!B75, if($I$3=11, Scoring!B135, Scoring!B51))))))))))) -> Josh Jacobs (GB) | E15: =if($I$3=1, Scoring!M87, if($I$3=2, Scoring!M27, if($I$3=3, Scoring!M99, if($I$3=4, Scoring!M15, if($I$3=5, Scoring!M63, if($I$3=6, Scoring!M123, if($I$3=7, Scoring!M39, if($I$3=8, Scoring!M111, if($I$3=9, Scoring!M3, if($I$3=10, Scoring!M75, if($I$3=11, Scoring!M135, Scoring!M51))))))))))) -> 2
A16: =if($H$3=1, Scoring!B88, if($H$3=2, Scoring!B28, if($H$3=3, Scoring!B100, if($H$3=4, Scoring!B16, if($H$3=5, Scoring!B64, if($H$3=6, Scoring!B124, if($H$3=7, Scoring!B40, if($H$3=8, Scoring!B112, if($H$3=9, Scoring!B4, if($H$3=10, Scoring!B76, if($H$3=11, Scoring!B136, Scoring!B52))))))))))) -> Tyjae Spears (Ten) | B16: =if($H$3=1, Scoring!M88, if($H$3=2, Scoring!M28, if($H$3=3, Scoring!M100, if($H$3=4, Scoring!M16, if($H$3=5, Scoring!M64, if($H$3=6, Scoring!M124, if($H$3=7, Scoring!M40, if($H$3=8, Scoring!M112, if($H$3=9, Scoring!M4, if($H$3=10, Scoring!M76, if($H$3=11, Scoring!M136, Scoring!M52))))))))))) -> 0 | D16: =if($I$3=1, Scoring!B88, if($I$3=2, Scoring!B28, if($I$3=3, Scoring!B100, if($I$3=4, Scoring!B16, if($I$3=5, Scoring!B64, if($I$3=6, Scoring!B124, if($I$3=7, Scoring!B40, if($I$3=8, Scoring!B112, if($I$3=9, Scoring!B4, if($I$3=10, Scoring!B76, if($I$3=11, Scoring!B136, Scoring!B52))))))))))) -> RJ Harvey (Den) | E16: =if($I$3=1, Scoring!M88, if($I$3=2, Scoring!M28, if($I$3=3, Scoring!M100, if($I$3=4, Scoring!M16, if($I$3=5, Scoring!M64, if($I$3=6, Scoring!M124, if($I$3=7, Scoring!M40, if($I$3=8, Scoring!M112, if($I$3=9, Scoring!M4, if($I$3=10, Scoring!M76, if($I$3=11, Scoring!M136, Scoring!M52))))))))))) -> 12
A17: =if($H$3=1, Scoring!B89, if($H$3=2, Scoring!B29, if($H$3=3, Scoring!B101, if($H$3=4, Scoring!B17, if($H$3=5, Scoring!B65, if($H$3=6, Scoring!B125, if($H$3=7, Scoring!B41, if($H$3=8, Scoring!B113, if($H$3=9, Scoring!B5, if($H$3=10, Scoring!B77, if($H$3=11, Scoring!B137, Scoring!B53))))))))))) -> Amon-Ra St. Brown (Det) | B17: =if($H$3=1, Scoring!M89, if($H$3=2, Scoring!M29, if($H$3=3, Scoring!M101, if($H$3=4, Scoring!M17, if($H$3=5, Scoring!M65, if($H$3=6, Scoring!M125, if($H$3=7, Scoring!M41, if($H$3=8, Scoring!M113, if($H$3=9, Scoring!M5, if($H$3=10, Scoring!M77, if($H$3=11, Scoring!M137, Scoring!M53))))))))))) -> 0 | D17: =if($I$3=1, Scoring!B89, if($I$3=2, Scoring!B29, if($I$3=3, Scoring!B101, if($I$3=4, Scoring!B17, if($I$3=5, Scoring!B65, if($I$3=6, Scoring!B125, if($I$3=7, Scoring!B41, if($I$3=8, Scoring!B113, if($I$3=9, Scoring!B5, if($I$3=10, Scoring!B77, if($I$3=11, Scoring!B137, Scoring!B53))))))))))) -> Puka Nacua (LAR) | E17: =if($I$3=1, Scoring!M89, if($I$3=2, Scoring!M29, if($I$3=3, Scoring!M101, if($I$3=4, Scoring!M17, if($I$3=5, Scoring!M65, if($I$3=6, Scoring!M125, if($I$3=7, Scoring!M41, if($I$3=8, Scoring!M113, if($I$3=9, Scoring!M5, if($I$3=10, Scoring!M77, if($I$3=11, Scoring!M137, Scoring!M53))))))))))) -> 0
A18: =if($H$3=1, Scoring!B90, if($H$3=2, Scoring!B30, if($H$3=3, Scoring!B102, if($H$3=4, Scoring!B18, if($H$3=5, Scoring!B66, if($H$3=6, Scoring!B126, if($H$3=7, Scoring!B42, if($H$3=8, Scoring!B114, if($H$3=9, Scoring!B6, if($H$3=10, Scoring!B78, if($H$3=11, Scoring!B138, Scoring!B54))))))))))) -> Marvin Harrison (Arz) | B18: =if($H$3=1, Scoring!M90, if($H$3=2, Scoring!M30, if($H$3=3, Scoring!M102, if($H$3=4, Scoring!M18, if($H$3=5, Scoring!M66, if($H$3=6, Scoring!M126, if($H$3=7, Scoring!M42, if($H$3=8, Scoring!M114, if($H$3=9, Scoring!M6, if($H$3=10, Scoring!M78, if($H$3=11, Scoring!M138, Scoring!M54))))))))))) -> 0 | D18: =if($I$3=1, Scoring!B90, if($I$3=2, Scoring!B30, if($I$3=3, Scoring!B102, if($I$3=4, Scoring!B18, if($I$3=5, Scoring!B66, if($I$3=6, Scoring!B126, if($I$3=7, Scoring!B42, if($I$3=8, Scoring!B114, if($I$3=9, Scoring!B6, if($I$3=10, Scoring!B78, if($I$3=11, Scoring!B138, Scoring!B54))))))))))) -> Davante Adams (LAR) | E18: =if($I$3=1, Scoring!M90, if($I$3=2, Scoring!M30, if($I$3=3, Scoring!M102, if($I$3=4, Scoring!M18, if($I$3=5, Scoring!M66, if($I$3=6, Scoring!M126, if($I$3=7, Scoring!M42, if($I$3=8, Scoring!M114, if($I$3=9, Scoring!M6, if($I$3=10, Scoring!M78, if($I$3=11, Scoring!M138, Scoring!M54))))))))))) -> 12
A19: =if($H$3=1, Scoring!B91, if($H$3=2, Scoring!B31, if($H$3=3, Scoring!B103, if($H$3=4, Scoring!B19, if($H$3=5, Scoring!B67, if($H$3=6, Scoring!B127, if($H$3=7, Scoring!B43, if($H$3=8, Scoring!B115, if($H$3=9, Scoring!B7, if($H$3=10, Scoring!B79, if($H$3=11, Scoring!B139, Scoring!B55))))))))))) -> Brenton Strange (Jax) | B19: =if($H$3=1, Scoring!M91, if($H$3=2, Scoring!M31, if($H$3=3, Scoring!M103, if($H$3=4, Scoring!M19, if($H$3=5, Scoring!M67, if($H$3=6, Scoring!M127, if($H$3=7, Scoring!M43, if($H$3=8, Scoring!M115, if($H$3=9, Scoring!M7, if($H$3=10, Scoring!M79, if($H$3=11, Scoring!M139, Scoring!M55))))))))))) -> 6 | D19: =if($I$3=1, Scoring!B91, if($I$3=2, Scoring!B31, if($I$3=3, Scoring!B103, if($I$3=4, Scoring!B19, if($I$3=5, Scoring!B67, if($I$3=6, Scoring!B127, if($I$3=7, Scoring!B43, if($I$3=8, Scoring!B115, if($I$3=9, Scoring!B7, if($I$3=10, Scoring!B79, if($I$3=11, Scoring!B139, Scoring!B55))))))))))) -> Darren Waller (Mia) | E19: =if($I$3=1, Scoring!M91, if($I$3=2, Scoring!M31, if($I$3=3, Scoring!M103, if($I$3=4, Scoring!M19, if($I$3=5, Scoring!M67, if($I$3=6, Scoring!M127, if($I$3=7, Scoring!M43, if($I$3=8, Scoring!M115, if($I$3=9, Scoring!M7, if($I$3=10, Scoring!M79, if($I$3=11, Scoring!M139, Scoring!M55))))))))))) -> 0
A20: =if($H$3=1, Scoring!B93, if($H$3=2, Scoring!B33, if($H$3=3, Scoring!B105, if($H$3=4, Scoring!B21, if($H$3=5, Scoring!B69, if($H$3=6, Scoring!B129, if($H$3=7, Scoring!B45, if($H$3=8, Scoring!B117, if($H$3=9, Scoring!B9, if($H$3=10, Scoring!B81, if($H$3=11, Scoring!B141, Scoring!B57))))))))))) -> Tyler Loop (Bal) | B20: =if($H$3=1, Scoring!M93, if($H$3=2, Scoring!M33, if($H$3=3, Scoring!M105, if($H$3=4, Scoring!M21, if($H$3=5, Scoring!M69, if($H$3=6, Scoring!M129, if($H$3=7, Scoring!M45, if($H$3=8, Scoring!M117, if($H$3=9, Scoring!M9, if($H$3=10, Scoring!M81, if($H$3=11, Scoring!M141, Scoring!M57))))))))))) -> 2 | D20: =if($I$3=1, Scoring!B93, if($I$3=2, Scoring!B33, if($I$3=3, Scoring!B105, if($I$3=4, Scoring!B21, if($I$3=5, Scoring!B69, if($I$3=6, Scoring!B129, if($I$3=7, Scoring!B45, if($I$3=8, Scoring!B117, if($I$3=9, Scoring!B9, if($I$3=10, Scoring!B81, if($I$3=11, Scoring!B141, Scoring!B57))))))))))) -> Jake Elliott (Phi) | E20: =if($I$3=1, Scoring!M93, if($I$3=2, Scoring!M33, if($I$3=3, Scoring!M105, if($I$3=4, Scoring!M21, if($I$3=5, Scoring!M69, if($I$3=6, Scoring!M129, if($I$3=7, Scoring!M45, if($I$3=8, Scoring!M117, if($I$3=9, Scoring!M9, if($I$3=10, Scoring!M81, if($I$3=11, Scoring!M141, Scoring!M57))))))))))) -> 0
A21: =if($H$3=1, Scoring!B95, if($H$3=2, Scoring!B35, if($H$3=3, Scoring!B107, if($H$3=4, Scoring!B23, if($H$3=5, Scoring!B71, if($H$3=6, Scoring!B131, if($H$3=7, Scoring!B47, if($H$3=8, Scoring!B119, if($H$3=9, Scoring!B11, if($H$3=10, Scoring!B83, if($H$3=11, Scoring!B143, Scoring!B59))))))))))) -> New England | B21: =if($H$3=1, Scoring!M95, if($H$3=2, Scoring!M35, if($H$3=3, Scoring!M107, if($H$3=4, Scoring!M23, if($H$3=5, Scoring!M71, if($H$3=6, Scoring!M131, if($H$3=7, Scoring!M47, if($H$3=8, Scoring!M119, if($H$3=9, Scoring!M11, if($H$3=10, Scoring!M83, if($H$3=11, Scoring!M143, Scoring!M59))))))))))) -> 6 | D21: =if($I$3=1, Scoring!B95, if($I$3=2, Scoring!B35, if($I$3=3, Scoring!B107, if($I$3=4, Scoring!B23, if($I$3=5, Scoring!B71, if($I$3=6, Scoring!B131, if($I$3=7, Scoring!B47, if($I$3=8, Scoring!B119, if($I$3=9, Scoring!B11, if($I$3=10, Scoring!B83, if($I$3=11, Scoring!B143, Scoring!B59))))))))))) -> Denver | E21: =if($I$3=1, Scoring!M95, if($I$3=2, Scoring!M35, if($I$3=3, Scoring!M107, if($I$3=4, Scoring!M23, if($I$3=5, Scoring!M71, if($I$3=6, Scoring!M131, if($I$3=7, Scoring!M47, if($I$3=8, Scoring!M119, if($I$3=9, Scoring!M11, if($I$3=10, Scoring!M83, if($I$3=11, Scoring!M143, Scoring!M59))))))))))) -> 4
A22: =if($H$3=1, Scoring!B97, if($H$3=2, Scoring!B37, if($H$3=3, Scoring!B109, if($H$3=4, Scoring!B25, if($H$3=5, Scoring!B73, if($H$3=6, Scoring!B133, if($H$3=7, Scoring!B49, if($H$3=8, Scoring!B121, if($H$3=9, Scoring!B13, if($H$3=10, Scoring!B85, if($H$3=11, Scoring!B145, Scoring!B61))))))))))) -> Mike Vrabel (NE) | B22: =if($H$3=1, Scoring!M97, if($H$3=2, Scoring!M37, if($H$3=3, Scoring!M109, if($H$3=4, Scoring!M25, if($H$3=5, Scoring!M73, if($H$3=6, Scoring!M133, if($H$3=7, Scoring!M49, if($H$3=8, Scoring!M121, if($H$3=9, Scoring!M13, if($H$3=10, Scoring!M85, if($H$3=11, Scoring!M145, Scoring!M61))))))))))) -> 4 | D22: =if($I$3=1, Scoring!B97, if($I$3=2, Scoring!B37, if($I$3=3, Scoring!B109, if($I$3=4, Scoring!B25, if($I$3=5, Scoring!B73, if($I$3=6, Scoring!B133, if($I$3=7, Scoring!B49, if($I$3=8, Scoring!B121, if($I$3=9, Scoring!B13, if($I$3=10, Scoring!B85, if($I$3=11, Scoring!B145, Scoring!B61))))))))))) -> Sean McVay (LAR) | E22: =if($I$3=1, Scoring!M97, if($I$3=2, Scoring!M37, if($I$3=3, Scoring!M109, if($I$3=4, Scoring!M25, if($I$3=5, Scoring!M73, if($I$3=6, Scoring!M133, if($I$3=7, Scoring!M49, if($I$3=8, Scoring!M121, if($I$3=9, Scoring!M13, if($I$3=10, Scoring!M85, if($I$3=11, Scoring!M145, Scoring!M61))))))))))) -> 0
B23: =sum(B14:B22) -> 35 | E23: =sum(E14:E22) -> 56
A25: =if(H4=1, Scoring!A86, if(H4=2, Scoring!A26, if(H4=3, Scoring!A98, if(H4=4, Scoring!A14, if(H4=5, Scoring!A62, if(H4=6, Scoring!A122, if(H4=7, Scoring!A38, if(H4=8, Scoring!A110, if(H4=9, Scoring!A2, if(H4=10, Scoring!A74, if(H4=11, Scoring!A134, Scoring!A50))))))))))) -> Kevin | D25: =if(I4=1, Scoring!A86, if(I4=2, Scoring!A26, if(I4=3, Scoring!A98, if(I4=4, Scoring!A14, if(I4=5, Scoring!A62, if(I4=6, Scoring!A122, if(I4=7, Scoring!A38, if(I4=8, Scoring!A110, if(I4=9, Scoring!A2, if(I4=10, Scoring!A74, if(I4=11, Scoring!A134, Scoring!A50))))))))))) -> Wes/B
A26: =if($H$4=1, Scoring!B86, if($H$4=2, Scoring!B26, if($H$4=3, Scoring!B98, if($H$4=4, Scoring!B14, if($H$4=5, Scoring!B62, if($H$4=6, Scoring!B122, if($H$4=7, Scoring!B38, if($H$4=8, Scoring!B110, if($H$4=9, Scoring!B2, if($H$4=10, Scoring!B74, if($H$4=11, Scoring!B134, Scoring!B50))))))))))) -> Jalen Hurts (Phi) | B26: =if($H$4=1, Scoring!M86, if($H$4=2, Scoring!M26, if($H$4=3, Scoring!M98, if($H$4=4, Scoring!M14, if($H$4=5, Scoring!M62, if($H$4=6, Scoring!M122, if($H$4=7, Scoring!M38, if($H$4=8, Scoring!M110, if($H$4=9, Scoring!M2, if($H$4=10, Scoring!M74, if($H$4=11, Scoring!M134, Scoring!M50))))))))))) -> 12 | D26: =if($I$4=1, Scoring!B86, if($I$4=2, Scoring!B26, if($I$4=3, Scoring!B98, if($I$4=4, Scoring!B14, if($I$4=5, Scoring!B62, if($I$4=6, Scoring!B122, if($I$4=7, Scoring!B38, if($I$4=8, Scoring!B110, if($I$4=9, Scoring!B2, if($I$4=10, Scoring!B74, if($I$4=11, Scoring!B134, Scoring!B50))))))))))) -> Joe Burrow (Cin) | E26: =if($I$4=1, Scoring!M86, if($I$4=2, Scoring!M26, if($I$4=3, Scoring!M98, if($I$4=4, Scoring!M14, if($I$4=5, Scoring!M62, if($I$4=6, Scoring!M122, if($I$4=7, Scoring!M38, if($I$4=8, Scoring!M110, if($I$4=9, Scoring!M2, if($I$4=10, Scoring!M74, if($I$4=11, Scoring!M134, Scoring!M50))))))))))) -> 15
A27: =if($H$4=1, Scoring!B87, if($H$4=2, Scoring!B27, if($H$4=3, Scoring!B99, if($H$4=4, Scoring!B15, if($H$4=5, Scoring!B63, if($H$4=6, Scoring!B123, if($H$4=7, Scoring!B39, if($H$4=8, Scoring!B111, if($H$4=9, Scoring!B3, if($H$4=10, Scoring!B75, if($H$4=11, Scoring!B135, Scoring!B51))))))))))) -> De'Von Achane (Mia) | B27: =if($H$4=1, Scoring!M87, if($H$4=2, Scoring!M27, if($H$4=3, Scoring!M99, if($H$4=4, Scoring!M15, if($H$4=5, Scoring!M63, if($H$4=6, Scoring!M123, if($H$4=7, Scoring!M39, if($H$4=8, Scoring!M111, if($H$4=9, Scoring!M3, if($H$4=10, Scoring!M75, if($H$4=11, Scoring!M135, Scoring!M51))))))))))) -> 10 | D27: =if($I$4=1, Scoring!B87, if($I$4=2, Scoring!B27, if($I$4=3, Scoring!B99, if($I$4=4, Scoring!B15, if($I$4=5, Scoring!B63, if($I$4=6, Scoring!B123, if($I$4=7, Scoring!B39, if($I$4=8, Scoring!B111, if($I$4=9, Scoring!B3, if($I$4=10, Scoring!B75, if($I$4=11, Scoring!B135, Scoring!B51))))))))))) -> Bijan Robinson (Atl) | E27: =if($I$4=1, Scoring!M87, if($I$4=2, Scoring!M27, if($I$4=3, Scoring!M99, if($I$4=4, Scoring!M15, if($I$4=5, Scoring!M63, if($I$4=6, Scoring!M123, if($I$4=7, Scoring!M39, if($I$4=8, Scoring!M111, if($I$4=9, Scoring!M3, if($I$4=10, Scoring!M75, if($I$4=11, Scoring!M135, Scoring!M51))))))))))) -> 11
A28: =if($H$4=1, Scoring!B88, if($H$4=2, Scoring!B28, if($H$4=3, Scoring!B100, if($H$4=4, Scoring!B16, if($H$4=5, Scoring!B64, if($H$4=6, Scoring!B124, if($H$4=7, Scoring!B40, if($H$4=8, Scoring!B112, if($H$4=9, Scoring!B4, if($H$4=10, Scoring!B76, if($H$4=11, Scoring!B136, Scoring!B52))))))))))) -> Woody Marks (Hou) | B28: =if($H$4=1, Scoring!M88, if($H$4=2, Scoring!M28, if($H$4=3, Scoring!M100, if($H$4=4, Scoring!M16, if($H$4=5, Scoring!M64, if($H$4=6, Scoring!M124, if($H$4=7, Scoring!M40, if($H$4=8, Scoring!M112, if($H$4=9, Scoring!M4, if($H$4=10, Scoring!M76, if($H$4=11, Scoring!M136, Scoring!M52))))))))))) -> 0 | D28: =if($I$4=1, Scoring!B88, if($I$4=2, Scoring!B28, if($I$4=3, Scoring!B100, if($I$4=4, Scoring!B16, if($I$4=5, Scoring!B64, if($I$4=6, Scoring!B124, if($I$4=7, Scoring!B40, if($I$4=8, Scoring!B112, if($I$4=9, Scoring!B4, if($I$4=10, Scoring!B76, if($I$4=11, Scoring!B136, Scoring!B52))))))))))) -> James Cook (Buf) | E28: =if($I$4=1, Scoring!M88, if($I$4=2, Scoring!M28, if($I$4=3, Scoring!M100, if($I$4=4, Scoring!M16, if($I$4=5, Scoring!M64, if($I$4=6, Scoring!M124, if($I$4=7, Scoring!M40, if($I$4=8, Scoring!M112, if($I$4=9, Scoring!M4, if($I$4=10, Scoring!M76, if($I$4=11, Scoring!M136, Scoring!M52))))))))))) -> 4
A29: =if($H$4=1, Scoring!B89, if($H$4=2, Scoring!B29, if($H$4=3, Scoring!B101, if($H$4=4, Scoring!B17, if($H$4=5, Scoring!B65, if($H$4=6, Scoring!B125, if($H$4=7, Scoring!B41, if($H$4=8, Scoring!B113, if($H$4=9, Scoring!B5, if($H$4=10, Scoring!B77, if($H$4=11, Scoring!B137, Scoring!B53))))))))))) -> Deebo Samuel (Was) | B29: =if($H$4=1, Scoring!M89, if($H$4=2, Scoring!M29, if($H$4=3, Scoring!M101, if($H$4=4, Scoring!M17, if($H$4=5, Scoring!M65, if($H$4=6, Scoring!M125, if($H$4=7, Scoring!M41, if($H$4=8, Scoring!M113, if($H$4=9, Scoring!M5, if($H$4=10, Scoring!M77, if($H$4=11, Scoring!M137, Scoring!M53))))))))))) -> 0 | D29: =if($I$4=1, Scoring!B89, if($I$4=2, Scoring!B29, if($I$4=3, Scoring!B101, if($I$4=4, Scoring!B17, if($I$4=5, Scoring!B65, if($I$4=6, Scoring!B125, if($I$4=7, Scoring!B41, if($I$4=8, Scoring!B113, if($I$4=9, Scoring!B5, if($I$4=10, Scoring!B77, if($I$4=11, Scoring!B137, Scoring!B53))))))))))) -> Brian Thomas Jr. (Jax) | E29: =if($I$4=1, Scoring!M89, if($I$4=2, Scoring!M29, if($I$4=3, Scoring!M101, if($I$4=4, Scoring!M17, if($I$4=5, Scoring!M65, if($I$4=6, Scoring!M125, if($I$4=7, Scoring!M41, if($I$4=8, Scoring!M113, if($I$4=9, Scoring!M5, if($I$4=10, Scoring!M77, if($I$4=11, Scoring!M137, Scoring!M53))))))))))) -> 0
A30: =if($H$4=1, Scoring!B90, if($H$4=2, Scoring!B30, if($H$4=3, Scoring!B102, if($H$4=4, Scoring!B18, if($H$4=5, Scoring!B66, if($H$4=6, Scoring!B126, if($H$4=7, Scoring!B42, if($H$4=8, Scoring!B114, if($H$4=9, Scoring!B6, if($H$4=10, Scoring!B78, if($H$4=11, Scoring!B138, Scoring!B54))))))))))) -> Emeka Egbuka (TB) | B30: =if($H$4=1, Scoring!M90, if($H$4=2, Scoring!M30, if($H$4=3, Scoring!M102, if($H$4=4, Scoring!M18, if($H$4=5, Scoring!M66, if($H$4=6, Scoring!M126, if($H$4=7, Scoring!M42, if($H$4=8, Scoring!M114, if($H$4=9, Scoring!M6, if($H$4=10, Scoring!M78, if($H$4=11, Scoring!M138, Scoring!M54))))))))))) -> 0 | D30: =if($I$4=1, Scoring!B90, if($I$4=2, Scoring!B30, if($I$4=3, Scoring!B102, if($I$4=4, Scoring!B18, if($I$4=5, Scoring!B66, if($I$4=6, Scoring!B126, if($I$4=7, Scoring!B42, if($I$4=8, Scoring!B114, if($I$4=9, Scoring!B6, if($I$4=10, Scoring!B78, if($I$4=11, Scoring!B138, Scoring!B54))))))))))) -> A.J. Brown (PHI) | E30: =if($I$4=1, Scoring!M90, if($I$4=2, Scoring!M30, if($I$4=3, Scoring!M102, if($I$4=4, Scoring!M18, if($I$4=5, Scoring!M66, if($I$4=6, Scoring!M126, if($I$4=7, Scoring!M42, if($I$4=8, Scoring!M114, if($I$4=9, Scoring!M6, if($I$4=10, Scoring!M78, if($I$4=11, Scoring!M138, Scoring!M54))))))))))) -> 16
A31: =if($H$4=1, Scoring!B91, if($H$4=2, Scoring!B31, if($H$4=3, Scoring!B103, if($H$4=4, Scoring!B19, if($H$4=5, Scoring!B67, if($H$4=6, Scoring!B127, if($H$4=7, Scoring!B43, if($H$4=8, Scoring!B115, if($H$4=9, Scoring!B7, if($H$4=10, Scoring!B79, if($H$4=11, Scoring!B139, Scoring!B55))))))))))) -> Travis Kelce (KC) | B31: =if($H$4=1, Scoring!M91, if($H$4=2, Scoring!M31, if($H$4=3, Scoring!M103, if($H$4=4, Scoring!M19, if($H$4=5, Scoring!M67, if($H$4=6, Scoring!M127, if($H$4=7, Scoring!M43, if($H$4=8, Scoring!M115, if($H$4=9, Scoring!M7, if($H$4=10, Scoring!M79, if($H$4=11, Scoring!M139, Scoring!M55))))))))))) -> 6 | D31: =if($I$4=1, Scoring!B91, if($I$4=2, Scoring!B31, if($I$4=3, Scoring!B103, if($I$4=4, Scoring!B19, if($I$4=5, Scoring!B67, if($I$4=6, Scoring!B127, if($I$4=7, Scoring!B43, if($I$4=8, Scoring!B115, if($I$4=9, Scoring!B7, if($I$4=10, Scoring!B79, if($I$4=11, Scoring!B139, Scoring!B55))))))))))) -> Brock Bowers (LV) | E31: =if($I$4=1, Scoring!M91, if($I$4=2, Scoring!M31, if($I$4=3, Scoring!M103, if($I$4=4, Scoring!M19, if($I$4=5, Scoring!M67, if($I$4=6, Scoring!M127, if($I$4=7, Scoring!M43, if($I$4=8, Scoring!M115, if($I$4=9, Scoring!M7, if($I$4=10, Scoring!M79, if($I$4=11, Scoring!M139, Scoring!M55))))))))))) -> 14
A32: =if($H$4=1, Scoring!B93, if($H$4=2, Scoring!B33, if($H$4=3, Scoring!B105, if($H$4=4, Scoring!B21, if($H$4=5, Scoring!B69, if($H$4=6, Scoring!B129, if($H$4=7, Scoring!B45, if($H$4=8, Scoring!B117, if($H$4=9, Scoring!B9, if($H$4=10, Scoring!B81, if($H$4=11, Scoring!B141, Scoring!B57))))))))))) -> Chris Boswell (Pit) | B32: =if($H$4=1, Scoring!M93, if($H$4=2, Scoring!M33, if($H$4=3, Scoring!M105, if($H$4=4, Scoring!M21, if($H$4=5, Scoring!M69, if($H$4=6, Scoring!M129, if($H$4=7, Scoring!M45, if($H$4=8, Scoring!M117, if($H$4=9, Scoring!M9, if($H$4=10, Scoring!M81, if($H$4=11, Scoring!M141, Scoring!M57))))))))))) -> 1 | D32: =if($I$4=1, Scoring!B93, if($I$4=2, Scoring!B33, if($I$4=3, Scoring!B105, if($I$4=4, Scoring!B21, if($I$4=5, Scoring!B69, if($I$4=6, Scoring!B129, if($I$4=7, Scoring!B45, if($I$4=8, Scoring!B117, if($I$4=9, Scoring!B9, if($I$4=10, Scoring!B81, if($I$4=11, Scoring!B141, Scoring!B57))))))))))) -> Jake Bates (Det) | E32: =if($I$4=1, Scoring!M93, if($I$4=2, Scoring!M33, if($I$4=3, Scoring!M105, if($I$4=4, Scoring!M21, if($I$4=5, Scoring!M69, if($I$4=6, Scoring!M129, if($I$4=7, Scoring!M45, if($I$4=8, Scoring!M117, if($I$4=9, Scoring!M9, if($I$4=10, Scoring!M81, if($I$4=11, Scoring!M141, Scoring!M57))))))))))) -> 5
A33: =if($H$4=1, Scoring!B95, if($H$4=2, Scoring!B35, if($H$4=3, Scoring!B107, if($H$4=4, Scoring!B23, if($H$4=5, Scoring!B71, if($H$4=6, Scoring!B131, if($H$4=7, Scoring!B47, if($H$4=8, Scoring!B119, if($H$4=9, Scoring!B11, if($H$4=10, Scoring!B83, if($H$4=11, Scoring!B143, Scoring!B59))))))))))) -> LA Rams | B33: =if($H$4=1, Scoring!M95, if($H$4=2, Scoring!M35, if($H$4=3, Scoring!M107, if($H$4=4, Scoring!M23, if($H$4=5, Scoring!M71, if($H$4=6, Scoring!M131, if($H$4=7, Scoring!M47, if($H$4=8, Scoring!M119, if($H$4=9, Scoring!M11, if($H$4=10, Scoring!M83, if($H$4=11, Scoring!M143, Scoring!M59))))))))))) -> 0 | D33: =if($I$4=1, Scoring!B95, if($I$4=2, Scoring!B35, if($I$4=3, Scoring!B107, if($I$4=4, Scoring!B23, if($I$4=5, Scoring!B71, if($I$4=6, Scoring!B131, if($I$4=7, Scoring!B47, if($I$4=8, Scoring!B119, if($I$4=9, Scoring!B11, if($I$4=10, Scoring!B83, if($I$4=11, Scoring!B143, Scoring!B59))))))))))) -> Indianapolis | E33: =if($I$4=1, Scoring!M95, if($I$4=2, Scoring!M35, if($I$4=3, Scoring!M107, if($I$4=4, Scoring!M23, if($I$4=5, Scoring!M71, if($I$4=6, Scoring!M131, if($I$4=7, Scoring!M47, if($I$4=8, Scoring!M119, if($I$4=9, Scoring!M11, if($I$4=10, Scoring!M83, if($I$4=11, Scoring!M143, Scoring!M59))))))))))) -> 4
A34: =if($H$4=1, Scoring!B97, if($H$4=2, Scoring!B37, if($H$4=3, Scoring!B109, if($H$4=4, Scoring!B25, if($H$4=5, Scoring!B73, if($H$4=6, Scoring!B133, if($H$4=7, Scoring!B49, if($H$4=8, Scoring!B121, if($H$4=9, Scoring!B13, if($H$4=10, Scoring!B85, if($H$4=11, Scoring!B145, Scoring!B61))))))))))) -> Kyle Shanahan (SF) | B34: =if($H$4=1, Scoring!M97, if($H$4=2, Scoring!M37, if($H$4=3, Scoring!M109, if($H$4=4, Scoring!M25, if($H$4=5, Scoring!M73, if($H$4=6, Scoring!M133, if($H$4=7, Scoring!M49, if($H$4=8, Scoring!M121, if($H$4=9, Scoring!M13, if($H$4=10, Scoring!M85, if($H$4=11, Scoring!M145, Scoring!M61))))))))))) -> 5 | D34: =if($I$4=1, Scoring!B97, if($I$4=2, Scoring!B37, if($I$4=3, Scoring!B109, if($I$4=4, Scoring!B25, if($I$4=5, Scoring!B73, if($I$4=6, Scoring!B133, if($I$4=7, Scoring!B49, if($I$4=8, Scoring!B121, if($I$4=9, Scoring!B13, if($I$4=10, Scoring!B85, if($I$4=11, Scoring!B145, Scoring!B61))))))))))) -> Liam Coen (Jax) | E34: =if($I$4=1, Scoring!M97, if($I$4=2, Scoring!M37, if($I$4=3, Scoring!M109, if($I$4=4, Scoring!M25, if($I$4=5, Scoring!M73, if($I$4=6, Scoring!M133, if($I$4=7, Scoring!M49, if($I$4=8, Scoring!M121, if($I$4=9, Scoring!M13, if($I$4=10, Scoring!M85, if($I$4=11, Scoring!M145, Scoring!M61))))))))))) -> 5
B35: =sum(B26:B34) -> 34 | E35: =sum(E26:E34) -> 74
A37: =if(H5=1, Scoring!A86, if(H5=2, Scoring!A26, if(H5=3, Scoring!A98, if(H5=4, Scoring!A14, if(H5=5, Scoring!A62, if(H5=6, Scoring!A122, if(H5=7, Scoring!A38, if(H5=8, Scoring!A110, if(H5=9, Scoring!A2, if(H5=10, Scoring!A74, if(H5=11, Scoring!A134, Scoring!A50))))))))))) -> Eric/J | D37: =if(I5=1, Scoring!A86, if(I5=2, Scoring!A26, if(I5=3, Scoring!A98, if(I5=4, Scoring!A14, if(I5=5, Scoring!A62, if(I5=6, Scoring!A122, if(I5=7, Scoring!A38, if(I5=8, Scoring!A110, if(I5=9, Scoring!A2, if(I5=10, Scoring!A74, if(I5=11, Scoring!A134, Scoring!A50))))))))))) -> Andrew
A38: =if($H$5=1, Scoring!B86, if($H$5=2, Scoring!B26, if($H$5=3, Scoring!B98, if($H$5=4, Scoring!B14, if($H$5=5, Scoring!B62, if($H$5=6, Scoring!B122, if($H$5=7, Scoring!B38, if($H$5=8, Scoring!B110, if($H$5=9, Scoring!B2, if($H$5=10, Scoring!B74, if($H$5=11, Scoring!B134, Scoring!B50))))))))))) -> Justin Herbert (LAC) | B38: =if($H$5=1, Scoring!M86, if($H$5=2, Scoring!M26, if($H$5=3, Scoring!M98, if($H$5=4, Scoring!M14, if($H$5=5, Scoring!M62, if($H$5=6, Scoring!M122, if($H$5=7, Scoring!M38, if($H$5=8, Scoring!M110, if($H$5=9, Scoring!M2, if($H$5=10, Scoring!M74, if($H$5=11, Scoring!M134, Scoring!M50))))))))))) -> 11 | D38: =if($I$5=1, Scoring!B86, if($I$5=2, Scoring!B26, if($I$5=3, Scoring!B98, if($I$5=4, Scoring!B14, if($I$5=5, Scoring!B62, if($I$5=6, Scoring!B122, if($I$5=7, Scoring!B38, if($I$5=8, Scoring!B110, if($I$5=9, Scoring!B2, if($I$5=10, Scoring!B74, if($I$5=11, Scoring!B134, Scoring!B50))))))))))) -> Trevor Lawrence (Jax) | E38: =if($I$5=1, Scoring!M86, if($I$5=2, Scoring!M26, if($I$5=3, Scoring!M98, if($I$5=4, Scoring!M14, if($I$5=5, Scoring!M62, if($I$5=6, Scoring!M122, if($I$5=7, Scoring!M38, if($I$5=8, Scoring!M110, if($I$5=9, Scoring!M2, if($I$5=10, Scoring!M74, if($I$5=11, Scoring!M134, Scoring!M50))))))))))) -> 16
A39: =if($H$5=1, Scoring!B87, if($H$5=2, Scoring!B27, if($H$5=3, Scoring!B99, if($H$5=4, Scoring!B15, if($H$5=5, Scoring!B63, if($H$5=6, Scoring!B123, if($H$5=7, Scoring!B39, if($H$5=8, Scoring!B111, if($H$5=9, Scoring!B3, if($H$5=10, Scoring!B75, if($H$5=11, Scoring!B135, Scoring!B51))))))))))) -> TreVeyon Henderson (NE) | B39: =if($H$5=1, Scoring!M87, if($H$5=2, Scoring!M27, if($H$5=3, Scoring!M99, if($H$5=4, Scoring!M15, if($H$5=5, Scoring!M63, if($H$5=6, Scoring!M123, if($H$5=7, Scoring!M39, if($H$5=8, Scoring!M111, if($H$5=9, Scoring!M3, if($H$5=10, Scoring!M75, if($H$5=11, Scoring!M135, Scoring!M51))))))))))) -> 0 | D39: =if($I$5=1, Scoring!B87, if($I$5=2, Scoring!B27, if($I$5=3, Scoring!B99, if($I$5=4, Scoring!B15, if($I$5=5, Scoring!B63, if($I$5=6, Scoring!B123, if($I$5=7, Scoring!B39, if($I$5=8, Scoring!B111, if($I$5=9, Scoring!B3, if($I$5=10, Scoring!B75, if($I$5=11, Scoring!B135, Scoring!B51))))))))))) -> Kenneth Walker III (Sea) | E39: =if($I$5=1, Scoring!M87, if($I$5=2, Scoring!M27, if($I$5=3, Scoring!M99, if($I$5=4, Scoring!M15, if($I$5=5, Scoring!M63, if($I$5=6, Scoring!M123, if($I$5=7, Scoring!M39, if($I$5=8, Scoring!M111, if($I$5=9, Scoring!M3, if($I$5=10, Scoring!M75, if($I$5=11, Scoring!M135, Scoring!M51))))))))))) -> 0
A40: =if($H$5=1, Scoring!B88, if($H$5=2, Scoring!B28, if($H$5=3, Scoring!B100, if($H$5=4, Scoring!B16, if($H$5=5, Scoring!B64, if($H$5=6, Scoring!B124, if($H$5=7, Scoring!B40, if($H$5=8, Scoring!B112, if($H$5=9, Scoring!B4, if($H$5=10, Scoring!B76, if($H$5=11, Scoring!B136, Scoring!B52))))))))))) -> Javonte Williams (Dal) | B40: =if($H$5=1, Scoring!M88, if($H$5=2, Scoring!M28, if($H$5=3, Scoring!M100, if($H$5=4, Scoring!M16, if($H$5=5, Scoring!M64, if($H$5=6, Scoring!M124, if($H$5=7, Scoring!M40, if($H$5=8, Scoring!M112, if($H$5=9, Scoring!M4, if($H$5=10, Scoring!M76, if($H$5=11, Scoring!M136, Scoring!M52))))))))))) -> 6 | D40: =if($I$5=1, Scoring!B88, if($I$5=2, Scoring!B28, if($I$5=3, Scoring!B100, if($I$5=4, Scoring!B16, if($I$5=5, Scoring!B64, if($I$5=6, Scoring!B124, if($I$5=7, Scoring!B40, if($I$5=8, Scoring!B112, if($I$5=9, Scoring!B4, if($I$5=10, Scoring!B76, if($I$5=11, Scoring!B136, Scoring!B52))))))))))) -> David Montgomery (Det) | E40: =if($I$5=1, Scoring!M88, if($I$5=2, Scoring!M28, if($I$5=3, Scoring!M100, if($I$5=4, Scoring!M16, if($I$5=5, Scoring!M64, if($I$5=6, Scoring!M124, if($I$5=7, Scoring!M40, if($I$5=8, Scoring!M112, if($I$5=9, Scoring!M4, if($I$5=10, Scoring!M76, if($I$5=11, Scoring!M136, Scoring!M52))))))))))) -> 6
A41: =if($H$5=1, Scoring!B89, if($H$5=2, Scoring!B29, if($H$5=3, Scoring!B101, if($H$5=4, Scoring!B17, if($H$5=5, Scoring!B65, if($H$5=6, Scoring!B125, if($H$5=7, Scoring!B41, if($H$5=8, Scoring!B113, if($H$5=9, Scoring!B5, if($H$5=10, Scoring!B77, if($H$5=11, Scoring!B137, Scoring!B53))))))))))) -> Nico Collins (Hou) | B41: =if($H$5=1, Scoring!M89, if($H$5=2, Scoring!M29, if($H$5=3, Scoring!M101, if($H$5=4, Scoring!M17, if($H$5=5, Scoring!M65, if($H$5=6, Scoring!M125, if($H$5=7, Scoring!M41, if($H$5=8, Scoring!M113, if($H$5=9, Scoring!M5, if($H$5=10, Scoring!M77, if($H$5=11, Scoring!M137, Scoring!M53))))))))))) -> 8 | D41: =if($I$5=1, Scoring!B89, if($I$5=2, Scoring!B29, if($I$5=3, Scoring!B101, if($I$5=4, Scoring!B17, if($I$5=5, Scoring!B65, if($I$5=6, Scoring!B125, if($I$5=7, Scoring!B41, if($I$5=8, Scoring!B113, if($I$5=9, Scoring!B5, if($I$5=10, Scoring!B77, if($I$5=11, Scoring!B137, Scoring!B53))))))))))) -> Ladd McConkey (LAC) | E41: =if($I$5=1, Scoring!M89, if($I$5=2, Scoring!M29, if($I$5=3, Scoring!M101, if($I$5=4, Scoring!M17, if($I$5=5, Scoring!M65, if($I$5=6, Scoring!M125, if($I$5=7, Scoring!M41, if($I$5=8, Scoring!M113, if($I$5=9, Scoring!M5, if($I$5=10, Scoring!M77, if($I$5=11, Scoring!M137, Scoring!M53))))))))))) -> 6
A42: =if($H$5=1, Scoring!B90, if($H$5=2, Scoring!B30, if($H$5=3, Scoring!B102, if($H$5=4, Scoring!B18, if($H$5=5, Scoring!B66, if($H$5=6, Scoring!B126, if($H$5=7, Scoring!B42, if($H$5=8, Scoring!B114, if($H$5=9, Scoring!B6, if($H$5=10, Scoring!B78, if($H$5=11, Scoring!B138, Scoring!B54))))))))))) -> Khalil Shakir (Buf) | B42: =if($H$5=1, Scoring!M90, if($H$5=2, Scoring!M30, if($H$5=3, Scoring!M102, if($H$5=4, Scoring!M18, if($H$5=5, Scoring!M66, if($H$5=6, Scoring!M126, if($H$5=7, Scoring!M42, if($H$5=8, Scoring!M114, if($H$5=9, Scoring!M6, if($H$5=10, Scoring!M78, if($H$5=11, Scoring!M138, Scoring!M54))))))))))) -> 0 | D42: =if($I$5=1, Scoring!B90, if($I$5=2, Scoring!B30, if($I$5=3, Scoring!B102, if($I$5=4, Scoring!B18, if($I$5=5, Scoring!B66, if($I$5=6, Scoring!B126, if($I$5=7, Scoring!B42, if($I$5=8, Scoring!B114, if($I$5=9, Scoring!B6, if($I$5=10, Scoring!B78, if($I$5=11, Scoring!B138, Scoring!B54))))))))))) -> Jaylen Waddle (Mia) | E42: =if($I$5=1, Scoring!M90, if($I$5=2, Scoring!M30, if($I$5=3, Scoring!M102, if($I$5=4, Scoring!M18, if($I$5=5, Scoring!M66, if($I$5=6, Scoring!M126, if($I$5=7, Scoring!M42, if($I$5=8, Scoring!M114, if($I$5=9, Scoring!M6, if($I$5=10, Scoring!M78, if($I$5=11, Scoring!M138, Scoring!M54))))))))))) -> 0
A43: =if($H$5=1, Scoring!B91, if($H$5=2, Scoring!B31, if($H$5=3, Scoring!B103, if($H$5=4, Scoring!B19, if($H$5=5, Scoring!B67, if($H$5=6, Scoring!B127, if($H$5=7, Scoring!B43, if($H$5=8, Scoring!B115, if($H$5=9, Scoring!B7, if($H$5=10, Scoring!B79, if($H$5=11, Scoring!B139, Scoring!B55))))))))))) -> Hunter Henry (NE) | B43: =if($H$5=1, Scoring!M91, if($H$5=2, Scoring!M31, if($H$5=3, Scoring!M103, if($H$5=4, Scoring!M19, if($H$5=5, Scoring!M67, if($H$5=6, Scoring!M127, if($H$5=7, Scoring!M43, if($H$5=8, Scoring!M115, if($H$5=9, Scoring!M7, if($H$5=10, Scoring!M79, if($H$5=11, Scoring!M139, Scoring!M55))))))))))) -> 2 | D43: =if($I$5=1, Scoring!B91, if($I$5=2, Scoring!B31, if($I$5=3, Scoring!B103, if($I$5=4, Scoring!B19, if($I$5=5, Scoring!B67, if($I$5=6, Scoring!B127, if($I$5=7, Scoring!B43, if($I$5=8, Scoring!B115, if($I$5=9, Scoring!B7, if($I$5=10, Scoring!B79, if($I$5=11, Scoring!B139, Scoring!B55))))))))))) -> Trey McBride (Arz) | E43: =if($I$5=1, Scoring!M91, if($I$5=2, Scoring!M31, if($I$5=3, Scoring!M103, if($I$5=4, Scoring!M19, if($I$5=5, Scoring!M67, if($I$5=6, Scoring!M127, if($I$5=7, Scoring!M43, if($I$5=8, Scoring!M115, if($I$5=9, Scoring!M7, if($I$5=10, Scoring!M79, if($I$5=11, Scoring!M139, Scoring!M55))))))))))) -> 9
A44: =if($H$5=1, Scoring!B93, if($H$5=2, Scoring!B33, if($H$5=3, Scoring!B105, if($H$5=4, Scoring!B21, if($H$5=5, Scoring!B69, if($H$5=6, Scoring!B129, if($H$5=7, Scoring!B45, if($H$5=8, Scoring!B117, if($H$5=9, Scoring!B9, if($H$5=10, Scoring!B81, if($H$5=11, Scoring!B141, Scoring!B57))))))))))) -> Evan McPherson (Cin) | B44: =if($H$5=1, Scoring!M93, if($H$5=2, Scoring!M33, if($H$5=3, Scoring!M105, if($H$5=4, Scoring!M21, if($H$5=5, Scoring!M69, if($H$5=6, Scoring!M129, if($H$5=7, Scoring!M45, if($H$5=8, Scoring!M117, if($H$5=9, Scoring!M9, if($H$5=10, Scoring!M81, if($H$5=11, Scoring!M141, Scoring!M57))))))))))) -> 17 | D44: =if($I$5=1, Scoring!B93, if($I$5=2, Scoring!B33, if($I$5=3, Scoring!B105, if($I$5=4, Scoring!B21, if($I$5=5, Scoring!B69, if($I$5=6, Scoring!B129, if($I$5=7, Scoring!B45, if($I$5=8, Scoring!B117, if($I$5=9, Scoring!B9, if($I$5=10, Scoring!B81, if($I$5=11, Scoring!B141, Scoring!B57))))))))))) -> Daniel Carlson (LV) | E44: =if($I$5=1, Scoring!M93, if($I$5=2, Scoring!M33, if($I$5=3, Scoring!M105, if($I$5=4, Scoring!M21, if($I$5=5, Scoring!M69, if($I$5=6, Scoring!M129, if($I$5=7, Scoring!M45, if($I$5=8, Scoring!M117, if($I$5=9, Scoring!M9, if($I$5=10, Scoring!M81, if($I$5=11, Scoring!M141, Scoring!M57))))))))))) -> 2
A45: =if($H$5=1, Scoring!B95, if($H$5=2, Scoring!B35, if($H$5=3, Scoring!B107, if($H$5=4, Scoring!B23, if($H$5=5, Scoring!B71, if($H$5=6, Scoring!B131, if($H$5=7, Scoring!B47, if($H$5=8, Scoring!B119, if($H$5=9, Scoring!B11, if($H$5=10, Scoring!B83, if($H$5=11, Scoring!B143, Scoring!B59))))))))))) -> Atlanta | B45: =if($H$5=1, Scoring!M95, if($H$5=2, Scoring!M35, if($H$5=3, Scoring!M107, if($H$5=4, Scoring!M23, if($H$5=5, Scoring!M71, if($H$5=6, Scoring!M131, if($H$5=7, Scoring!M47, if($H$5=8, Scoring!M119, if($H$5=9, Scoring!M11, if($H$5=10, Scoring!M83, if($H$5=11, Scoring!M143, Scoring!M59))))))))))) -> 2 | D45: =if($I$5=1, Scoring!B95, if($I$5=2, Scoring!B35, if($I$5=3, Scoring!B107, if($I$5=4, Scoring!B23, if($I$5=5, Scoring!B71, if($I$5=6, Scoring!B131, if($I$5=7, Scoring!B47, if($I$5=8, Scoring!B119, if($I$5=9, Scoring!B11, if($I$5=10, Scoring!B83, if($I$5=11, Scoring!B143, Scoring!B59))))))))))) -> Minnesota | E45: =if($I$5=1, Scoring!M95, if($I$5=2, Scoring!M35, if($I$5=3, Scoring!M107, if($I$5=4, Scoring!M23, if($I$5=5, Scoring!M71, if($I$5=6, Scoring!M131, if($I$5=7, Scoring!M47, if($I$5=8, Scoring!M119, if($I$5=9, Scoring!M11, if($I$5=10, Scoring!M83, if($I$5=11, Scoring!M143, Scoring!M59))))))))))) -> 8
A46: =if($H$5=1, Scoring!B97, if($H$5=2, Scoring!B37, if($H$5=3, Scoring!B109, if($H$5=4, Scoring!B25, if($H$5=5, Scoring!B73, if($H$5=6, Scoring!B133, if($H$5=7, Scoring!B49, if($H$5=8, Scoring!B121, if($H$5=9, Scoring!B13, if($H$5=10, Scoring!B85, if($H$5=11, Scoring!B145, Scoring!B61))))))))))) -> Mike Macdonald (Sea) | B46: =if($H$5=1, Scoring!M97, if($H$5=2, Scoring!M37, if($H$5=3, Scoring!M109, if($H$5=4, Scoring!M25, if($H$5=5, Scoring!M73, if($H$5=6, Scoring!M133, if($H$5=7, Scoring!M49, if($H$5=8, Scoring!M121, if($H$5=9, Scoring!M13, if($H$5=10, Scoring!M85, if($H$5=11, Scoring!M145, Scoring!M61))))))))))) -> 4 | D46: =if($I$5=1, Scoring!B97, if($I$5=2, Scoring!B37, if($I$5=3, Scoring!B109, if($I$5=4, Scoring!B25, if($I$5=5, Scoring!B73, if($I$5=6, Scoring!B133, if($I$5=7, Scoring!B49, if($I$5=8, Scoring!B121, if($I$5=9, Scoring!B13, if($I$5=10, Scoring!B85, if($I$5=11, Scoring!B145, Scoring!B61))))))))))) | E46: =if($I$5=1, Scoring!M97, if($I$5=2, Scoring!M37, if($I$5=3, Scoring!M109, if($I$5=4, Scoring!M25, if($I$5=5, Scoring!M73, if($I$5=6, Scoring!M133, if($I$5=7, Scoring!M49, if($I$5=8, Scoring!M121, if($I$5=9, Scoring!M13, if($I$5=10, Scoring!M85, if($I$5=11, Scoring!M145, Scoring!M61))))))))))) -> 0
B47: =sum(B38:B46) -> 50 | E47: =sum(E38:E46) -> 47
A49: =if(H6=1, Scoring!A86, if(H6=2, Scoring!A26, if(H6=3, Scoring!A98, if(H6=4, Scoring!A14, if(H6=5, Scoring!A62, if(H6=6, Scoring!A122, if(H6=7, Scoring!A38, if(H6=8, Scoring!A110, if(H6=9, Scoring!A2, if(H6=10, Scoring!A74, if(H6=11, Scoring!A134, Scoring!A50))))))))))) -> J/M | D49: =if(I6=1, Scoring!A86, if(I6=2, Scoring!A26, if(I6=3, Scoring!A98, if(I6=4, Scoring!A14, if(I6=5, Scoring!A62, if(I6=6, Scoring!A122, if(I6=7, Scoring!A38, if(I6=8, Scoring!A110, if(I6=9, Scoring!A2, if(I6=10, Scoring!A74, if(I6=11, Scoring!A134, Scoring!A50))))))))))) -> John
A50: =if($H$6=1, Scoring!B86, if($H$6=2, Scoring!B26, if($H$6=3, Scoring!B98, if($H$6=4, Scoring!B14, if($H$6=5, Scoring!B62, if($H$6=6, Scoring!B122, if($H$6=7, Scoring!B38, if($H$6=8, Scoring!B110, if($H$6=9, Scoring!B2, if($H$6=10, Scoring!B74, if($H$6=11, Scoring!B134, Scoring!B50))))))))))) -> Patrick Mahomes (KC) | B50: =if($H$6=1, Scoring!M86, if($H$6=2, Scoring!M26, if($H$6=3, Scoring!M98, if($H$6=4, Scoring!M14, if($H$6=5, Scoring!M62, if($H$6=6, Scoring!M122, if($H$6=7, Scoring!M38, if($H$6=8, Scoring!M110, if($H$6=9, Scoring!M2, if($H$6=10, Scoring!M74, if($H$6=11, Scoring!M134, Scoring!M50))))))))))) -> 27 | D50: =if($I$6=1, Scoring!B86, if($I$6=2, Scoring!B26, if($I$6=3, Scoring!B98, if($I$6=4, Scoring!B14, if($I$6=5, Scoring!B62, if($I$6=6, Scoring!B122, if($I$6=7, Scoring!B38, if($I$6=8, Scoring!B110, if($I$6=9, Scoring!B2, if($I$6=10, Scoring!B74, if($I$6=11, Scoring!B134, Scoring!B50))))))))))) -> Bo Nix (Den) | E50: =if($I$6=1, Scoring!M86, if($I$6=2, Scoring!M26, if($I$6=3, Scoring!M98, if($I$6=4, Scoring!M14, if($I$6=5, Scoring!M62, if($I$6=6, Scoring!M122, if($I$6=7, Scoring!M38, if($I$6=8, Scoring!M110, if($I$6=9, Scoring!M2, if($I$6=10, Scoring!M74, if($I$6=11, Scoring!M134, Scoring!M50))))))))))) -> 9
A51: =if($H$6=1, Scoring!B87, if($H$6=2, Scoring!B27, if($H$6=3, Scoring!B99, if($H$6=4, Scoring!B15, if($H$6=5, Scoring!B63, if($H$6=6, Scoring!B123, if($H$6=7, Scoring!B39, if($H$6=8, Scoring!B111, if($H$6=9, Scoring!B3, if($H$6=10, Scoring!B75, if($H$6=11, Scoring!B135, Scoring!B51))))))))))) -> Chase Brown (Cin) | B51: =if($H$6=1, Scoring!M87, if($H$6=2, Scoring!M27, if($H$6=3, Scoring!M99, if($H$6=4, Scoring!M15, if($H$6=5, Scoring!M63, if($H$6=6, Scoring!M123, if($H$6=7, Scoring!M39, if($H$6=8, Scoring!M111, if($H$6=9, Scoring!M3, if($H$6=10, Scoring!M75, if($H$6=11, Scoring!M135, Scoring!M51))))))))))) -> 2 | D51: =if($I$6=1, Scoring!B87, if($I$6=2, Scoring!B27, if($I$6=3, Scoring!B99, if($I$6=4, Scoring!B15, if($I$6=5, Scoring!B63, if($I$6=6, Scoring!B123, if($I$6=7, Scoring!B39, if($I$6=8, Scoring!B111, if($I$6=9, Scoring!B3, if($I$6=10, Scoring!B75, if($I$6=11, Scoring!B135, Scoring!B51))))))))))) -> Kyren Williams (LAR) | E51: =if($I$6=1, Scoring!M87, if($I$6=2, Scoring!M27, if($I$6=3, Scoring!M99, if($I$6=4, Scoring!M15, if($I$6=5, Scoring!M63, if($I$6=6, Scoring!M123, if($I$6=7, Scoring!M39, if($I$6=8, Scoring!M111, if($I$6=9, Scoring!M3, if($I$6=10, Scoring!M75, if($I$6=11, Scoring!M135, Scoring!M51))))))))))) -> 6
A52: =if($H$6=1, Scoring!B88, if($H$6=2, Scoring!B28, if($H$6=3, Scoring!B100, if($H$6=4, Scoring!B16, if($H$6=5, Scoring!B64, if($H$6=6, Scoring!B124, if($H$6=7, Scoring!B40, if($H$6=8, Scoring!B112, if($H$6=9, Scoring!B4, if($H$6=10, Scoring!B76, if($H$6=11, Scoring!B136, Scoring!B52))))))))))) -> Tony Pollard (TEN) | B52: =if($H$6=1, Scoring!M88, if($H$6=2, Scoring!M28, if($H$6=3, Scoring!M100, if($H$6=4, Scoring!M16, if($H$6=5, Scoring!M64, if($H$6=6, Scoring!M124, if($H$6=7, Scoring!M40, if($H$6=8, Scoring!M112, if($H$6=9, Scoring!M4, if($H$6=10, Scoring!M76, if($H$6=11, Scoring!M136, Scoring!M52))))))))))) -> 0 | D52: =if($I$6=1, Scoring!B88, if($I$6=2, Scoring!B28, if($I$6=3, Scoring!B100, if($I$6=4, Scoring!B16, if($I$6=5, Scoring!B64, if($I$6=6, Scoring!B124, if($I$6=7, Scoring!B40, if($I$6=8, Scoring!B112, if($I$6=9, Scoring!B4, if($I$6=10, Scoring!B76, if($I$6=11, Scoring!B136, Scoring!B52))))))))))) -> Blake Corum (LAR) | E52: =if($I$6=1, Scoring!M88, if($I$6=2, Scoring!M28, if($I$6=3, Scoring!M100, if($I$6=4, Scoring!M16, if($I$6=5, Scoring!M64, if($I$6=6, Scoring!M124, if($I$6=7, Scoring!M40, if($I$6=8, Scoring!M112, if($I$6=9, Scoring!M4, if($I$6=10, Scoring!M76, if($I$6=11, Scoring!M136, Scoring!M52))))))))))) -> 8
A53: =if($H$6=1, Scoring!B89, if($H$6=2, Scoring!B29, if($H$6=3, Scoring!B101, if($H$6=4, Scoring!B17, if($H$6=5, Scoring!B65, if($H$6=6, Scoring!B125, if($H$6=7, Scoring!B41, if($H$6=8, Scoring!B113, if($H$6=9, Scoring!B5, if($H$6=10, Scoring!B77, if($H$6=11, Scoring!B137, Scoring!B53))))))))))) -> CeeDee Lamb (Dal) | B53: =if($H$6=1, Scoring!M89, if($H$6=2, Scoring!M29, if($H$6=3, Scoring!M101, if($H$6=4, Scoring!M17, if($H$6=5, Scoring!M65, if($H$6=6, Scoring!M125, if($H$6=7, Scoring!M41, if($H$6=8, Scoring!M113, if($H$6=9, Scoring!M5, if($H$6=10, Scoring!M77, if($H$6=11, Scoring!M137, Scoring!M53))))))))))) -> 9 | D53: =if($I$6=1, Scoring!B89, if($I$6=2, Scoring!B29, if($I$6=3, Scoring!B101, if($I$6=4, Scoring!B17, if($I$6=5, Scoring!B65, if($I$6=6, Scoring!B125, if($I$6=7, Scoring!B41, if($I$6=8, Scoring!B113, if($I$6=9, Scoring!B5, if($I$6=10, Scoring!B77, if($I$6=11, Scoring!B137, Scoring!B53))))))))))) -> Ja'Marr Chase (Cin) | E53: =if($I$6=1, Scoring!M89, if($I$6=2, Scoring!M29, if($I$6=3, Scoring!M101, if($I$6=4, Scoring!M17, if($I$6=5, Scoring!M65, if($I$6=6, Scoring!M125, if($I$6=7, Scoring!M41, if($I$6=8, Scoring!M113, if($I$6=9, Scoring!M5, if($I$6=10, Scoring!M77, if($I$6=11, Scoring!M137, Scoring!M53))))))))))) -> 3
A54: =if($H$6=1, Scoring!B90, if($H$6=2, Scoring!B30, if($H$6=3, Scoring!B102, if($H$6=4, Scoring!B18, if($H$6=5, Scoring!B66, if($H$6=6, Scoring!B126, if($H$6=7, Scoring!B42, if($H$6=8, Scoring!B114, if($H$6=9, Scoring!B6, if($H$6=10, Scoring!B78, if($H$6=11, Scoring!B138, Scoring!B54))))))))))) -> Rome Odunze (Chi) | B54: =if($H$6=1, Scoring!M90, if($H$6=2, Scoring!M30, if($H$6=3, Scoring!M102, if($H$6=4, Scoring!M18, if($H$6=5, Scoring!M66, if($H$6=6, Scoring!M126, if($H$6=7, Scoring!M42, if($H$6=8, Scoring!M114, if($H$6=9, Scoring!M6, if($H$6=10, Scoring!M78, if($H$6=11, Scoring!M138, Scoring!M54))))))))))) -> 0 | D54: =if($I$6=1, Scoring!B90, if($I$6=2, Scoring!B30, if($I$6=3, Scoring!B102, if($I$6=4, Scoring!B18, if($I$6=5, Scoring!B66, if($I$6=6, Scoring!B126, if($I$6=7, Scoring!B42, if($I$6=8, Scoring!B114, if($I$6=9, Scoring!B6, if($I$6=10, Scoring!B78, if($I$6=11, Scoring!B138, Scoring!B54))))))))))) -> Michael Pittman (Ind) | E54: =if($I$6=1, Scoring!M90, if($I$6=2, Scoring!M30, if($I$6=3, Scoring!M102, if($I$6=4, Scoring!M18, if($I$6=5, Scoring!M66, if($I$6=6, Scoring!M126, if($I$6=7, Scoring!M42, if($I$6=8, Scoring!M114, if($I$6=9, Scoring!M6, if($I$6=10, Scoring!M78, if($I$6=11, Scoring!M138, Scoring!M54))))))))))) -> 0
A55: =if($H$6=1, Scoring!B91, if($H$6=2, Scoring!B31, if($H$6=3, Scoring!B103, if($H$6=4, Scoring!B19, if($H$6=5, Scoring!B67, if($H$6=6, Scoring!B127, if($H$6=7, Scoring!B43, if($H$6=8, Scoring!B115, if($H$6=9, Scoring!B7, if($H$6=10, Scoring!B79, if($H$6=11, Scoring!B139, Scoring!B55))))))))))) -> Mark Andrews (Bal) | B55: =if($H$6=1, Scoring!M91, if($H$6=2, Scoring!M31, if($H$6=3, Scoring!M103, if($H$6=4, Scoring!M19, if($H$6=5, Scoring!M67, if($H$6=6, Scoring!M127, if($H$6=7, Scoring!M43, if($H$6=8, Scoring!M115, if($H$6=9, Scoring!M7, if($H$6=10, Scoring!M79, if($H$6=11, Scoring!M139, Scoring!M55))))))))))) -> 0 | D55: =if($I$6=1, Scoring!B91, if($I$6=2, Scoring!B31, if($I$6=3, Scoring!B103, if($I$6=4, Scoring!B19, if($I$6=5, Scoring!B67, if($I$6=6, Scoring!B127, if($I$6=7, Scoring!B43, if($I$6=8, Scoring!B115, if($I$6=9, Scoring!B7, if($I$6=10, Scoring!B79, if($I$6=11, Scoring!B139, Scoring!B55))))))))))) -> Dallas Goedert (Phi) | E55: =if($I$6=1, Scoring!M91, if($I$6=2, Scoring!M31, if($I$6=3, Scoring!M103, if($I$6=4, Scoring!M19, if($I$6=5, Scoring!M67, if($I$6=6, Scoring!M127, if($I$6=7, Scoring!M43, if($I$6=8, Scoring!M115, if($I$6=9, Scoring!M7, if($I$6=10, Scoring!M79, if($I$6=11, Scoring!M139, Scoring!M55))))))))))) -> 0
A56: =if($H$6=1, Scoring!B93, if($H$6=2, Scoring!B33, if($H$6=3, Scoring!B105, if($H$6=4, Scoring!B21, if($H$6=5, Scoring!B69, if($H$6=6, Scoring!B129, if($H$6=7, Scoring!B45, if($H$6=8, Scoring!B117, if($H$6=9, Scoring!B9, if($H$6=10, Scoring!B81, if($H$6=11, Scoring!B141, Scoring!B57))))))))))) -> Ka'imi Fairbairn (Hou) | B56: =if($H$6=1, Scoring!M93, if($H$6=2, Scoring!M33, if($H$6=3, Scoring!M105, if($H$6=4, Scoring!M21, if($H$6=5, Scoring!M69, if($H$6=6, Scoring!M129, if($H$6=7, Scoring!M45, if($H$6=8, Scoring!M117, if($H$6=9, Scoring!M9, if($H$6=10, Scoring!M81, if($H$6=11, Scoring!M141, Scoring!M57))))))))))) -> 6 | D56: =if($I$6=1, Scoring!B93, if($I$6=2, Scoring!B33, if($I$6=3, Scoring!B105, if($I$6=4, Scoring!B21, if($I$6=5, Scoring!B69, if($I$6=6, Scoring!B129, if($I$6=7, Scoring!B45, if($I$6=8, Scoring!B117, if($I$6=9, Scoring!B9, if($I$6=10, Scoring!B81, if($I$6=11, Scoring!B141, Scoring!B57))))))))))) -> Cameron Dicker (LAC) | E56: =if($I$6=1, Scoring!M93, if($I$6=2, Scoring!M33, if($I$6=3, Scoring!M105, if($I$6=4, Scoring!M21, if($I$6=5, Scoring!M69, if($I$6=6, Scoring!M129, if($I$6=7, Scoring!M45, if($I$6=8, Scoring!M117, if($I$6=9, Scoring!M9, if($I$6=10, Scoring!M81, if($I$6=11, Scoring!M141, Scoring!M57))))))))))) -> 8
A57: =if($H$6=1, Scoring!B95, if($H$6=2, Scoring!B35, if($H$6=3, Scoring!B107, if($H$6=4, Scoring!B23, if($H$6=5, Scoring!B71, if($H$6=6, Scoring!B131, if($H$6=7, Scoring!B47, if($H$6=8, Scoring!B119, if($H$6=9, Scoring!B11, if($H$6=10, Scoring!B83, if($H$6=11, Scoring!B143, Scoring!B59))))))))))) -> Cleveland | B57: =if($H$6=1, Scoring!M95, if($H$6=2, Scoring!M35, if($H$6=3, Scoring!M107, if($H$6=4, Scoring!M23, if($H$6=5, Scoring!M71, if($H$6=6, Scoring!M131, if($H$6=7, Scoring!M47, if($H$6=8, Scoring!M119, if($H$6=9, Scoring!M11, if($H$6=10, Scoring!M83, if($H$6=11, Scoring!M143, Scoring!M59))))))))))) -> 1 | D57: =if($I$6=1, Scoring!B95, if($I$6=2, Scoring!B35, if($I$6=3, Scoring!B107, if($I$6=4, Scoring!B23, if($I$6=5, Scoring!B71, if($I$6=6, Scoring!B131, if($I$6=7, Scoring!B47, if($I$6=8, Scoring!B119, if($I$6=9, Scoring!B11, if($I$6=10, Scoring!B83, if($I$6=11, Scoring!B143, Scoring!B59))))))))))) -> San Francisco | E57: =if($I$6=1, Scoring!M95, if($I$6=2, Scoring!M35, if($I$6=3, Scoring!M107, if($I$6=4, Scoring!M23, if($I$6=5, Scoring!M71, if($I$6=6, Scoring!M131, if($I$6=7, Scoring!M47, if($I$6=8, Scoring!M119, if($I$6=9, Scoring!M11, if($I$6=10, Scoring!M83, if($I$6=11, Scoring!M143, Scoring!M59))))))))))) -> 13
A58: =if($H$6=1, Scoring!B97, if($H$6=2, Scoring!B37, if($H$6=3, Scoring!B109, if($H$6=4, Scoring!B25, if($H$6=5, Scoring!B73, if($H$6=6, Scoring!B133, if($H$6=7, Scoring!B49, if($H$6=8, Scoring!B121, if($H$6=9, Scoring!B13, if($H$6=10, Scoring!B85, if($H$6=11, Scoring!B145, Scoring!B61))))))))))) -> Zac Taylor (Cin) | B58: =if($H$6=1, Scoring!M97, if($H$6=2, Scoring!M37, if($H$6=3, Scoring!M109, if($H$6=4, Scoring!M25, if($H$6=5, Scoring!M73, if($H$6=6, Scoring!M133, if($H$6=7, Scoring!M49, if($H$6=8, Scoring!M121, if($H$6=9, Scoring!M13, if($H$6=10, Scoring!M85, if($H$6=11, Scoring!M145, Scoring!M61))))))))))) -> 7 | D58: =if($I$6=1, Scoring!B97, if($I$6=2, Scoring!B37, if($I$6=3, Scoring!B109, if($I$6=4, Scoring!B25, if($I$6=5, Scoring!B73, if($I$6=6, Scoring!B133, if($I$6=7, Scoring!B49, if($I$6=8, Scoring!B121, if($I$6=9, Scoring!B13, if($I$6=10, Scoring!B85, if($I$6=11, Scoring!B145, Scoring!B61))))))))))) -> John Harbaugh (Bal) | E58: =if($I$6=1, Scoring!M97, if($I$6=2, Scoring!M37, if($I$6=3, Scoring!M109, if($I$6=4, Scoring!M25, if($I$6=5, Scoring!M73, if($I$6=6, Scoring!M133, if($I$6=7, Scoring!M49, if($I$6=8, Scoring!M121, if($I$6=9, Scoring!M13, if($I$6=10, Scoring!M85, if($I$6=11, Scoring!M145, Scoring!M61))))))))))) -> 0
B59: =sum(B50:B58) -> 52 | E59: =sum(E50:E58) -> 47
A61: =if(H7=1, Scoring!A86, if(H7=2, Scoring!A26, if(H7=3, Scoring!A98, if(H7=4, Scoring!A14, if(H7=5, Scoring!A62, if(H7=6, Scoring!A122, if(H7=7, Scoring!A38, if(H7=8, Scoring!A110, if(H7=9, Scoring!A2, if(H7=10, Scoring!A74, if(H7=11, Scoring!A134, Scoring!A50))))))))))) -> Adam | D61: =if(I7=1, Scoring!A86, if(I7=2, Scoring!A26, if(I7=3, Scoring!A98, if(I7=4, Scoring!A14, if(I7=5, Scoring!A62, if(I7=6, Scoring!A122, if(I7=7, Scoring!A38, if(I7=8, Scoring!A110, if(I7=9, Scoring!A2, if(I7=10, Scoring!A74, if(I7=11, Scoring!A134, Scoring!A50))))))))))) -> Greg/G
A62: =if($H$7=1, Scoring!B86, if($H$7=2, Scoring!B26, if($H$7=3, Scoring!B98, if($H$7=4, Scoring!B14, if($H$7=5, Scoring!B62, if($H$7=6, Scoring!B122, if($H$7=7, Scoring!B38, if($H$7=8, Scoring!B110, if($H$7=9, Scoring!B2, if($H$7=10, Scoring!B74, if($H$7=11, Scoring!B134, Scoring!B50))))))))))) -> Jared Goff (Det) | B62: =if($H$7=1, Scoring!M86, if($H$7=2, Scoring!M26, if($H$7=3, Scoring!M98, if($H$7=4, Scoring!M14, if($H$7=5, Scoring!M62, if($H$7=6, Scoring!M122, if($H$7=7, Scoring!M38, if($H$7=8, Scoring!M110, if($H$7=9, Scoring!M2, if($H$7=10, Scoring!M74, if($H$7=11, Scoring!M134, Scoring!M50))))))))))) -> 15 | D62: =if($I$7=1, Scoring!B86, if($I$7=2, Scoring!B26, if($I$7=3, Scoring!B98, if($I$7=4, Scoring!B14, if($I$7=5, Scoring!B62, if($I$7=6, Scoring!B122, if($I$7=7, Scoring!B38, if($I$7=8, Scoring!B110, if($I$7=9, Scoring!B2, if($I$7=10, Scoring!B74, if($I$7=11, Scoring!B134, Scoring!B50))))))))))) -> Baker Mayfield (TB) | E62: =if($I$7=1, Scoring!M86, if($I$7=2, Scoring!M26, if($I$7=3, Scoring!M98, if($I$7=4, Scoring!M14, if($I$7=5, Scoring!M62, if($I$7=6, Scoring!M122, if($I$7=7, Scoring!M38, if($I$7=8, Scoring!M110, if($I$7=9, Scoring!M2, if($I$7=10, Scoring!M74, if($I$7=11, Scoring!M134, Scoring!M50))))))))))) -> 6
A63: =if($H$7=1, Scoring!B87, if($H$7=2, Scoring!B27, if($H$7=3, Scoring!B99, if($H$7=4, Scoring!B15, if($H$7=5, Scoring!B63, if($H$7=6, Scoring!B123, if($H$7=7, Scoring!B39, if($H$7=8, Scoring!B111, if($H$7=9, Scoring!B3, if($H$7=10, Scoring!B75, if($H$7=11, Scoring!B135, Scoring!B51))))))))))) -> Saquon Barkley (Phi) | B63: =if($H$7=1, Scoring!M87, if($H$7=2, Scoring!M27, if($H$7=3, Scoring!M99, if($H$7=4, Scoring!M15, if($H$7=5, Scoring!M63, if($H$7=6, Scoring!M123, if($H$7=7, Scoring!M39, if($H$7=8, Scoring!M111, if($H$7=9, Scoring!M3, if($H$7=10, Scoring!M75, if($H$7=11, Scoring!M135, Scoring!M51))))))))))) -> 0 | D63: =if($I$7=1, Scoring!B87, if($I$7=2, Scoring!B27, if($I$7=3, Scoring!B99, if($I$7=4, Scoring!B15, if($I$7=5, Scoring!B63, if($I$7=6, Scoring!B123, if($I$7=7, Scoring!B39, if($I$7=8, Scoring!B111, if($I$7=9, Scoring!B3, if($I$7=10, Scoring!B75, if($I$7=11, Scoring!B135, Scoring!B51))))))))))) -> Quinshon Judkins (CLE) | E63: =if($I$7=1, Scoring!M87, if($I$7=2, Scoring!M27, if($I$7=3, Scoring!M99, if($I$7=4, Scoring!M15, if($I$7=5, Scoring!M63, if($I$7=6, Scoring!M123, if($I$7=7, Scoring!M39, if($I$7=8, Scoring!M111, if($I$7=9, Scoring!M3, if($I$7=10, Scoring!M75, if($I$7=11, Scoring!M135, Scoring!M51))))))))))) -> 4
A64: =if($H$7=1, Scoring!B88, if($H$7=2, Scoring!B28, if($H$7=3, Scoring!B100, if($H$7=4, Scoring!B16, if($H$7=5, Scoring!B64, if($H$7=6, Scoring!B124, if($H$7=7, Scoring!B40, if($H$7=8, Scoring!B112, if($H$7=9, Scoring!B4, if($H$7=10, Scoring!B76, if($H$7=11, Scoring!B136, Scoring!B52))))))))))) -> Ashton Jeanty (LV) | B64: =if($H$7=1, Scoring!M88, if($H$7=2, Scoring!M28, if($H$7=3, Scoring!M100, if($H$7=4, Scoring!M16, if($H$7=5, Scoring!M64, if($H$7=6, Scoring!M124, if($H$7=7, Scoring!M40, if($H$7=8, Scoring!M112, if($H$7=9, Scoring!M4, if($H$7=10, Scoring!M76, if($H$7=11, Scoring!M136, Scoring!M52))))))))))) -> 0 | D64: =if($I$7=1, Scoring!B88, if($I$7=2, Scoring!B28, if($I$7=3, Scoring!B100, if($I$7=4, Scoring!B16, if($I$7=5, Scoring!B64, if($I$7=6, Scoring!B124, if($I$7=7, Scoring!B40, if($I$7=8, Scoring!B112, if($I$7=9, Scoring!B4, if($I$7=10, Scoring!B76, if($I$7=11, Scoring!B136, Scoring!B52))))))))))) -> Jaylen Warren (Pit) | E64: =if($I$7=1, Scoring!M88, if($I$7=2, Scoring!M28, if($I$7=3, Scoring!M100, if($I$7=4, Scoring!M16, if($I$7=5, Scoring!M64, if($I$7=6, Scoring!M124, if($I$7=7, Scoring!M40, if($I$7=8, Scoring!M112, if($I$7=9, Scoring!M4, if($I$7=10, Scoring!M76, if($I$7=11, Scoring!M136, Scoring!M52))))))))))) -> 6
A65: =if($H$7=1, Scoring!B89, if($H$7=2, Scoring!B29, if($H$7=3, Scoring!B101, if($H$7=4, Scoring!B17, if($H$7=5, Scoring!B65, if($H$7=6, Scoring!B125, if($H$7=7, Scoring!B41, if($H$7=8, Scoring!B113, if($H$7=9, Scoring!B5, if($H$7=10, Scoring!B77, if($H$7=11, Scoring!B137, Scoring!B53))))))))))) -> Xavier Worthy (KC) | B65: =if($H$7=1, Scoring!M89, if($H$7=2, Scoring!M29, if($H$7=3, Scoring!M101, if($H$7=4, Scoring!M17, if($H$7=5, Scoring!M65, if($H$7=6, Scoring!M125, if($H$7=7, Scoring!M41, if($H$7=8, Scoring!M113, if($H$7=9, Scoring!M5, if($H$7=10, Scoring!M77, if($H$7=11, Scoring!M137, Scoring!M53))))))))))) -> 0 | D65: =if($I$7=1, Scoring!B89, if($I$7=2, Scoring!B29, if($I$7=3, Scoring!B101, if($I$7=4, Scoring!B17, if($I$7=5, Scoring!B65, if($I$7=6, Scoring!B125, if($I$7=7, Scoring!B41, if($I$7=8, Scoring!B113, if($I$7=9, Scoring!B5, if($I$7=10, Scoring!B77, if($I$7=11, Scoring!B137, Scoring!B53))))))))))) -> Jaxon Smith-Njigba (Sea) | E65: =if($I$7=1, Scoring!M89, if($I$7=2, Scoring!M29, if($I$7=3, Scoring!M101, if($I$7=4, Scoring!M17, if($I$7=5, Scoring!M65, if($I$7=6, Scoring!M125, if($I$7=7, Scoring!M41, if($I$7=8, Scoring!M113, if($I$7=9, Scoring!M5, if($I$7=10, Scoring!M77, if($I$7=11, Scoring!M137, Scoring!M53))))))))))) -> 0
A66: =if($H$7=1, Scoring!B90, if($H$7=2, Scoring!B30, if($H$7=3, Scoring!B102, if($H$7=4, Scoring!B18, if($H$7=5, Scoring!B66, if($H$7=6, Scoring!B126, if($H$7=7, Scoring!B42, if($H$7=8, Scoring!B114, if($H$7=9, Scoring!B6, if($H$7=10, Scoring!B78, if($H$7=11, Scoring!B138, Scoring!B54))))))))))) -> Chris Olave (NO) | B66: =if($H$7=1, Scoring!M90, if($H$7=2, Scoring!M30, if($H$7=3, Scoring!M102, if($H$7=4, Scoring!M18, if($H$7=5, Scoring!M66, if($H$7=6, Scoring!M126, if($H$7=7, Scoring!M42, if($H$7=8, Scoring!M114, if($H$7=9, Scoring!M6, if($H$7=10, Scoring!M78, if($H$7=11, Scoring!M138, Scoring!M54))))))))))) -> 6 | D66: =if($I$7=1, Scoring!B90, if($I$7=2, Scoring!B30, if($I$7=3, Scoring!B102, if($I$7=4, Scoring!B18, if($I$7=5, Scoring!B66, if($I$7=6, Scoring!B126, if($I$7=7, Scoring!B42, if($I$7=8, Scoring!B114, if($I$7=9, Scoring!B6, if($I$7=10, Scoring!B78, if($I$7=11, Scoring!B138, Scoring!B54))))))))))) -> Rashee Rice (KC) | E66: =if($I$7=1, Scoring!M90, if($I$7=2, Scoring!M30, if($I$7=3, Scoring!M102, if($I$7=4, Scoring!M18, if($I$7=5, Scoring!M66, if($I$7=6, Scoring!M126, if($I$7=7, Scoring!M42, if($I$7=8, Scoring!M114, if($I$7=9, Scoring!M6, if($I$7=10, Scoring!M78, if($I$7=11, Scoring!M138, Scoring!M54))))))))))) -> 14
A67: =if($H$7=1, Scoring!B91, if($H$7=2, Scoring!B31, if($H$7=3, Scoring!B103, if($H$7=4, Scoring!B19, if($H$7=5, Scoring!B67, if($H$7=6, Scoring!B127, if($H$7=7, Scoring!B43, if($H$7=8, Scoring!B115, if($H$7=9, Scoring!B7, if($H$7=10, Scoring!B79, if($H$7=11, Scoring!B139, Scoring!B55))))))))))) -> AJ Barner (Sea) | B67: =if($H$7=1, Scoring!M91, if($H$7=2, Scoring!M31, if($H$7=3, Scoring!M103, if($H$7=4, Scoring!M19, if($H$7=5, Scoring!M67, if($H$7=6, Scoring!M127, if($H$7=7, Scoring!M43, if($H$7=8, Scoring!M115, if($H$7=9, Scoring!M7, if($H$7=10, Scoring!M79, if($H$7=11, Scoring!M139, Scoring!M55))))))))))) -> 0 | D67: =if($I$7=1, Scoring!B91, if($I$7=2, Scoring!B31, if($I$7=3, Scoring!B103, if($I$7=4, Scoring!B19, if($I$7=5, Scoring!B67, if($I$7=6, Scoring!B127, if($I$7=7, Scoring!B43, if($I$7=8, Scoring!B115, if($I$7=9, Scoring!B7, if($I$7=10, Scoring!B79, if($I$7=11, Scoring!B139, Scoring!B55))))))))))) -> Jake Ferguson (Dal) | E67: =if($I$7=1, Scoring!M91, if($I$7=2, Scoring!M31, if($I$7=3, Scoring!M103, if($I$7=4, Scoring!M19, if($I$7=5, Scoring!M67, if($I$7=6, Scoring!M127, if($I$7=7, Scoring!M43, if($I$7=8, Scoring!M115, if($I$7=9, Scoring!M7, if($I$7=10, Scoring!M79, if($I$7=11, Scoring!M139, Scoring!M55))))))))))) -> 0
A68: =if($H$7=1, Scoring!B93, if($H$7=2, Scoring!B33, if($H$7=3, Scoring!B105, if($H$7=4, Scoring!B21, if($H$7=5, Scoring!B69, if($H$7=6, Scoring!B129, if($H$7=7, Scoring!B45, if($H$7=8, Scoring!B117, if($H$7=9, Scoring!B9, if($H$7=10, Scoring!B81, if($H$7=11, Scoring!B141, Scoring!B57))))))))))) -> Andres Borregales (NE) | B68: =if($H$7=1, Scoring!M93, if($H$7=2, Scoring!M33, if($H$7=3, Scoring!M105, if($H$7=4, Scoring!M21, if($H$7=5, Scoring!M69, if($H$7=6, Scoring!M129, if($H$7=7, Scoring!M45, if($H$7=8, Scoring!M117, if($H$7=9, Scoring!M9, if($H$7=10, Scoring!M81, if($H$7=11, Scoring!M141, Scoring!M57))))))))))) -> 6 | D68: =if($I$7=1, Scoring!B93, if($I$7=2, Scoring!B33, if($I$7=3, Scoring!B105, if($I$7=4, Scoring!B21, if($I$7=5, Scoring!B69, if($I$7=6, Scoring!B129, if($I$7=7, Scoring!B45, if($I$7=8, Scoring!B117, if($I$7=9, Scoring!B9, if($I$7=10, Scoring!B81, if($I$7=11, Scoring!B141, Scoring!B57))))))))))) -> Jason Myers (Sea) | E68: =if($I$7=1, Scoring!M93, if($I$7=2, Scoring!M33, if($I$7=3, Scoring!M105, if($I$7=4, Scoring!M21, if($I$7=5, Scoring!M69, if($I$7=6, Scoring!M129, if($I$7=7, Scoring!M45, if($I$7=8, Scoring!M117, if($I$7=9, Scoring!M9, if($I$7=10, Scoring!M81, if($I$7=11, Scoring!M141, Scoring!M57))))))))))) -> 15
A69: =if($H$7=1, Scoring!B95, if($H$7=2, Scoring!B35, if($H$7=3, Scoring!B107, if($H$7=4, Scoring!B23, if($H$7=5, Scoring!B71, if($H$7=6, Scoring!B131, if($H$7=7, Scoring!B47, if($H$7=8, Scoring!B119, if($H$7=9, Scoring!B11, if($H$7=10, Scoring!B83, if($H$7=11, Scoring!B143, Scoring!B59))))))))))) -> Detroit | B69: =if($H$7=1, Scoring!M95, if($H$7=2, Scoring!M35, if($H$7=3, Scoring!M107, if($H$7=4, Scoring!M23, if($H$7=5, Scoring!M71, if($H$7=6, Scoring!M131, if($H$7=7, Scoring!M47, if($H$7=8, Scoring!M119, if($H$7=9, Scoring!M11, if($H$7=10, Scoring!M83, if($H$7=11, Scoring!M143, Scoring!M59))))))))))) -> 0 | D69: =if($I$7=1, Scoring!B95, if($I$7=2, Scoring!B35, if($I$7=3, Scoring!B107, if($I$7=4, Scoring!B23, if($I$7=5, Scoring!B71, if($I$7=6, Scoring!B131, if($I$7=7, Scoring!B47, if($I$7=8, Scoring!B119, if($I$7=9, Scoring!B11, if($I$7=10, Scoring!B83, if($I$7=11, Scoring!B143, Scoring!B59))))))))))) -> Seattle | E69: =if($I$7=1, Scoring!M95, if($I$7=2, Scoring!M35, if($I$7=3, Scoring!M107, if($I$7=4, Scoring!M23, if($I$7=5, Scoring!M71, if($I$7=6, Scoring!M131, if($I$7=7, Scoring!M47, if($I$7=8, Scoring!M119, if($I$7=9, Scoring!M11, if($I$7=10, Scoring!M83, if($I$7=11, Scoring!M143, Scoring!M59))))))))))) -> 26
A70: =if($H$7=1, Scoring!B97, if($H$7=2, Scoring!B37, if($H$7=3, Scoring!B109, if($H$7=4, Scoring!B25, if($H$7=5, Scoring!B73, if($H$7=6, Scoring!B133, if($H$7=7, Scoring!B49, if($H$7=8, Scoring!B121, if($H$7=9, Scoring!B13, if($H$7=10, Scoring!B85, if($H$7=11, Scoring!B145, Scoring!B61))))))))))) -> Brian Schottenheimer (Dal) | B70: =if($H$7=1, Scoring!M97, if($H$7=2, Scoring!M37, if($H$7=3, Scoring!M109, if($H$7=4, Scoring!M25, if($H$7=5, Scoring!M73, if($H$7=6, Scoring!M133, if($H$7=7, Scoring!M49, if($H$7=8, Scoring!M121, if($H$7=9, Scoring!M13, if($H$7=10, Scoring!M85, if($H$7=11, Scoring!M145, Scoring!M61))))))))))) -> 6 | D70: =if($I$7=1, Scoring!B97, if($I$7=2, Scoring!B37, if($I$7=3, Scoring!B109, if($I$7=4, Scoring!B25, if($I$7=5, Scoring!B73, if($I$7=6, Scoring!B133, if($I$7=7, Scoring!B49, if($I$7=8, Scoring!B121, if($I$7=9, Scoring!B13, if($I$7=10, Scoring!B85, if($I$7=11, Scoring!B145, Scoring!B61))))))))))) -> Todd Bowles (TB) | E70: =if($I$7=1, Scoring!M97, if($I$7=2, Scoring!M37, if($I$7=3, Scoring!M109, if($I$7=4, Scoring!M25, if($I$7=5, Scoring!M73, if($I$7=6, Scoring!M133, if($I$7=7, Scoring!M49, if($I$7=8, Scoring!M121, if($I$7=9, Scoring!M13, if($I$7=10, Scoring!M85, if($I$7=11, Scoring!M145, Scoring!M61))))))))))) -> 4
B71: =sum(B62:B70) -> 33 | E71: =sum(E62:E70) -> 75

Sheet Scoring
B1: Player | C1: PassY | D1: RushY | E1: RecY | F1: TD | G1: 2pt | H1: INT | I1: INTD | J1: FumL | K1: FumTD | M1: Total
A2: Kirk/D | B2: =IF(Rosters!C2="*",Rosters!D2,IF(Rosters!C3="*",Rosters!D3,IF(Rosters!C4="*",Rosters!D4,""))) -> Jordan Love (GB) | C2: 234 | F2: 4 | M2: =if(C2="", "",IF((6*F2+2*G2-(H2+2*I2+J2+2*K2)+(ROUNDDOWN((IF(C2<200,(0),(2+(C2-200)/50))),0))+(IF(((ROUNDDOWN((IF(D2<75,(0),(2+(D2-75)/25))),0))+(ROUNDDOWN((IF(E2<75,(0),(2+(E2-75)/25))),0))>(ROUNDDOWN(IF((D2+E2)<100,0,2+((D2+E2)-100)/25),0))),(ROUNDDOWN((IF(D2<75,(0),(2+(D2-75)/25))),0))+(ROUNDDOWN((IF(E2<75,(0),(2+(E2-75)/25))),0)),(ROUNDDOWN(IF((D2+E2)<100,0,2+((D2+E2)-100)/25),0)))))<0,0,(6*F2+2*G2-(H2+2*I2+J2+2*K2)+(ROUNDDOWN((IF(C2<200,(0),(2+(C2-200)/50))),0))+(IF(((ROUNDDOWN((IF(D2<75,(0),(2+(D2-75)/25))),0))+(ROUNDDOWN((IF(E2<75,(0),(2+(E2-75)/25))),0))>(ROUNDDOWN(IF((D2+E2)<100,0,2+((D2+E2)-100)/25),0))),(ROUNDDOWN((IF(D2<75,(0),(2+(D2-75)/25))),0))+(ROUNDDOWN((IF(E2<75,(0),(2+(E2-75)/25))),0)),(ROUNDDOWN(IF((D2+E2)<100,0,2+((D2+E2)-100)/25),0))))))) -> 26
B3: =IF(Rosters!C6="*",Rosters!D6,IF(Rosters!C7="*",Rosters!D7,IF(Rosters!C8="*",Rosters!D8,IF(Rosters!C9="*",Rosters!D9,"")))) -> Josh Jacobs (GB) | C3: 0 | D3: 83 | M3: =if(C3="", "",IF((6*F3+2*G3-(H3+2*I3+J3+2*K3)+(ROUNDDOWN((IF(C3<200,(0),(2+(C3-200)/50))),0))+(IF(((ROUNDDOWN((IF(D3<75,(0),(2+(D3-75)/25))),0))+(ROUNDDOWN((IF(E3<75,(0),(2+(E3-75)/25))),0))>(ROUNDDOWN(IF((D3+E3)<100,0,2+((D3+E3)-100)/25),0))),(ROUNDDOWN((IF(D3<75,(0),(2+(D3-75)/25))),0))+(ROUNDDOWN((IF(E3<75,(0),(2+(E3-75)/25))),0)),(ROUNDDOWN(IF((D3+E3)<100,0,2+((D3+E3)-100)/25),0)))))<0,0,(6*F3+2*G3-(H3+2*I3+J3+2*K3)+(ROUNDDOWN((IF(C3<200,(0),(2+(C3-200)/50))),0))+(IF(((ROUNDDOWN((IF(D3<75,(0),(2+(D3-75)/25))),0))+(ROUNDDOWN((IF(E3<75,(0),(2+(E3-75)/25))),0))>(ROUNDDOWN(IF((D3+E3)<100,0,2+((D3+E3)-100)/25),0))),(ROUNDDOWN((IF(D3<75,(0),(2+(D3-75)/25))),0))+(ROUNDDOWN((IF(E3<75,(0),(2+(E3-75)/25))),0)),(ROUNDDOWN(IF((D3+E3)<100,0,2+((D3+E3)-100)/25),0))))))) -> 2
B4: =IF(Rosters!C9="*",Rosters!D9,IF(Rosters!C8="*",Rosters!D8,IF(Rosters!C7="*",Rosters!D7,IF(Rosters!C6="*",Rosters!D6,"")))) -> RJ Harvey (Den) | C4: 0 | F4: 2 | M4: =if(C4="", "",IF((6*F4+2*G4-(H4+2*I4+J4+2*K4)+(ROUNDDOWN((IF(C4<200,(0),(2+(C4-200)/50))),0))+(IF(((ROUNDDOWN((IF(D4<75,(0),(2+(D4-75)/25))),0))+(ROUNDDOWN((IF(E4<75,(0),(2+(E4-75)/25))),0))>(ROUNDDOWN(IF((D4+E4)<100,0,2+((D4+E4)-100)/25),0))),(ROUNDDOWN((IF(D4<75,(0),(2+(D4-75)/25))),0))+(ROUNDDOWN((IF(E4<75,(0),(2+(E4-75)/25))),0)),(ROUNDDOWN(IF((D4+E4)<100,0,2+((D4+E4)-100)/25),0)))))<0,0,(6*F4+2*G4-(H4+2*I4+J4+2*K4)+(ROUNDDOWN((IF(C4<200,(0),(2+(C4-200)/50))),0))+(IF(((ROUNDDOWN((IF(D4<75,(0),(2+(D4-75)/25))),0))+(ROUNDDOWN((IF(E4<75,(0),(2+(E4-75)/25))),0))>(ROUNDDOWN(IF((D4+E4)<100,0,2+((D4+E4)-100)/25),0))),(ROUNDDOWN((IF(D4<75,(0),(2+(D4-75)/25))),0))+(ROUNDDOWN((IF(E4<75,(0),(2+(E4-75)/25))),0)),(ROUNDDOWN(IF((D4+E4)<100,0,2+((D4+E4)-100)/25),0))))))) -> 12
B5: =IF(Rosters!C11="*",Rosters!D11,IF(Rosters!C12="*",Rosters!D12,IF(Rosters!C13="*",Rosters!D13,IF(Rosters!C14="*",Rosters!D14,"")))) -> Puka Nacua (LAR) | C5: 0 | M5: =if(C5="", "",IF((6*F5+2*G5-(H5+2*I5+J5+2*K5)+(ROUNDDOWN((IF(C5<200,(0),(2+(C5-200)/50))),0))+(IF(((ROUNDDOWN((IF(D5<75,(0),(2+(D5-75)/25))),0))+(ROUNDDOWN((IF(E5<75,(0),(2+(E5-75)/25))),0))>(ROUNDDOWN(IF((D5+E5)<100,0,2+((D5+E5)-100)/25),0))),(ROUNDDOWN((IF(D5<75,(0),(2+(D5-75)/25))),0))+(ROUNDDOWN((IF(E5<75,(0),(2+(E5-75)/25))),0)),(ROUNDDOWN(IF((D5+E5)<100,0,2+((D5+E5)-100)/25),0)))))<0,0,(6*F5+2*G5-(H5+2*I5+J5+2*K5)+(ROUNDDOWN((IF(C5<200,(0),(2+(C5-200)/50))),0))+(IF(((ROUNDDOWN((IF(D5<75,(0),(2+(D5-75)/25))),0))+(ROUNDDOWN((IF(E5<75,(0),(2+(E5-75)/25))),0))>(ROUNDDOWN(IF((D5+E5)<100,0,2+((D5+E5)-100)/25),0))),(ROUNDDOWN((IF(D5<75,(0),(2+(D5-75)/25))),0))+(ROUNDDOWN((IF(E5<75,(0),(2+(E5-75)/25))),0)),(ROUNDDOWN(IF((D5+E5)<100,0,2+((D5+E5)-100)/25),0))))))) -> 0
B6: =IF(Rosters!C14="*",Rosters!D14,IF(Rosters!C13="*",Rosters!D13,IF(Rosters!C12="*",Rosters!D12,IF(Rosters!C11="*",Rosters!D11,"")))) -> Davante Adams (LAR) | C6: 0 | F6: 2 | M6: =if(C6="", "",IF((6*F6+2*G6-(H6+2*I6+J6+2*K6)+(ROUNDDOWN((IF(C6<200,(0),(2+(C6-200)/50))),0))+(IF(((ROUNDDOWN((IF(D6<75,(0),(2+(D6-75)/25))),0))+(ROUNDDOWN((IF(E6<75,(0),(2+(E6-75)/25))),0))>(ROUNDDOWN(IF((D6+E6)<100,0,2+((D6+E6)-100)/25),0))),(ROUNDDOWN((IF(D6<75,(0),(2+(D6-75)/25))),0))+(ROUNDDOWN((IF(E6<75,(0),(2+(E6-75)/25))),0)),(ROUNDDOWN(IF((D6+E6)<100,0,2+((D6+E6)-100)/25),0)))))<0,0,(6*F6+2*G6-(H6+2*I6+J6+2*K6)+(ROUNDDOWN((IF(C6<200,(0),(2+(C6-200)/50))),0))+(IF(((ROUNDDOWN((IF(D6<75,(0),(2+(D6-75)/25))),0))+(ROUNDDOWN((IF(E6<75,(0),(2+(E6-75)/25))),0))>(ROUNDDOWN(IF((D6+E6)<100,0,2+((D6+E6)-100)/25),0))),(ROUNDDOWN((IF(D6<75,(0),(2+(D6-75)/25))),0))+(ROUNDDOWN((IF(E6<75,(0),(2+(E6-75)/25))),0)),(ROUNDDOWN(IF((D6+E6)<100,0,2+((D6+E6)-100)/25),0))))))) -> 12
B7: =IF(Rosters!C16="*",Rosters!D16,IF(Rosters!C17="*",Rosters!D17,IF(Rosters!C18="*",Rosters!D18,""))) -> Darren Waller (Mia) | C7: 0 | M7: =if(C7="", "", IF((6*F7+2*G7-(H7+2*I7+J7+2*K7)+(ROUNDDOWN((IF(C7<200,(0),(2+(C7-200)/50))),0))+(IF(((ROUNDDOWN((IF(D7<50,(0),(2+(D7-50)/25))),0))+(ROUNDDOWN((IF(E7<50,(0),(2+(E7-50)/25))),0))>(ROUNDDOWN(IF((D7+E7)<75,0,2+((D7+E7)-75)/25),0))),(ROUNDDOWN((IF(D7<50,(0),(2+(D7-50)/25))),0))+(ROUNDDOWN((IF(E7<50,(0),(2+(E7-50)/25))),0)),(ROUNDDOWN(IF((D7+E7)<75,0,2+((D7+E7)-75)/25),0)))))<0,0,(6*F7+2*G7-(H7+2*I7+J7+2*K7)+(ROUNDDOWN((IF(C7<200,(0),(2+(C7-200)/50))),0))+(IF(((ROUNDDOWN((IF(D7<50,(0),(2+(D7-50)/25))),0))+(ROUNDDOWN((IF(E7<50,(0),(2+(E7-50)/25))),0))>(ROUNDDOWN(IF((D7+E7)<75,0,2+((D7+E7)-75)/25),0))),(ROUNDDOWN((IF(D7<50,(0),(2+(D7-50)/25))),0))+(ROUNDDOWN((IF(E7<50,(0),(2+(E7-50)/25))),0)),(ROUNDDOWN(IF((D7+E7)<75,0,2+((D7+E7)-75)/25),0))))))) -> 0
C8: FG1 | D8: FG2 | E8: FG3 | F8: FG4 | G8: FG5 | H8: FG6 | I8: FG7 | J8: PAT | K8: FGM | L8: PATM
B9: =IF(Rosters!C21="*",Rosters!D21,IF(Rosters!C20="*",Rosters!D20,"")) -> Jake Elliott (Phi) | C9: 45 | K9: 1 | L9: 1 | M9: =if(C9="", "", IF((IF(C9<1, 0, IF(C9<30, 1, IF(C9<40, 2, IF(C9<50, 3, 4))))+IF(D9<1, 0, IF(D9<30, 1, IF(D9<40, 2, IF(D9<50, 3, 4))))+IF(E9<1, 0, IF(E9<30, 1, IF(E9<40, 2, IF(E9<50, 3, 4))))+IF(F9<1, 0, IF(F9<30, 1, IF(F9<40, 2, IF(F9<50, 3, 4))))+IF(G9<1, 0, IF(G9<30, 1, IF(G9<40, 2, IF(G9<50, 3, 4))))+IF(H9<1, 0, IF(H9<30, 1, IF(H9<40, 2, IF(H9<50, 3, 4))))+IF(I9<1, 0, IF(I9<30, 1, IF(I9<40, 2, IF(I9<50, 3, 4))))+J9-2*K9-L9)<0, 0, (IF(C9<1, 0, IF(C9<30, 1, IF(C9<40, 2, IF(C9<50, 3, 4))))+IF(D9<1, 0, IF(D9<30, 1, IF(D9<40, 2, IF(D9<50, 3, 4))))+IF(E9<1, 0, IF(E9<30, 1, IF(E9<40, 2, IF(E9<50, 3, 4))))+IF(F9<1, 0, IF(F9<30, 1, IF(F9<40, 2, IF(F9<50, 3, 4))))+IF(G9<1, 0, IF(G9<30, 1, IF(G9<40, 2, IF(G9<50, 3, 4))))+IF(H9<1, 0, IF(H9<30, 1, IF(H9<40, 2, IF(H9<50, 3, 4))))+IF(I9<1, 0, IF(I9<30, 1, IF(I9<40, 2, IF(I9<50, 3, 4))))+J9-2*K9-L9))) -> 0
C10: Pts | D10: Sacks | E10: INT | F10: FumR | G10: TD | H10: Safe | I10: BlkK | J10: BlkPAT
B11: =IF(Rosters!C23="*",Rosters!D23,IF(Rosters!C24="*",Rosters!D24,"")) -> Denver | C11: 26 | D11: 2 | E11: 1 | M11: =if(C11="", "", IF((IF(C11="",0,(IF(C11=0,8,(IF(C11<10,6,(IF(C11<14,4,(IF(C11<18,2,(IF(C11<28,0,(IF(C11<32,-2,(IF(C11<36,-4,-6)))))))))))))))+D11+2*(E11+F11+H11+I11)+4*G11+J11)<0,0,(IF(C11="",0,(IF(C11=0,8,(IF(C11<10,6,(IF(C11<14,4,(IF(C11<18,2,(IF(C11<28,0,(IF(C11<32,-2,(IF(C11<36,-4,-6)))))))))))))))+D11+2*(E11+F11+H11+I11)+4*G11+J11))) -> 4
B13: =IF(Rosters!C26="*",Rosters!D26,IF(Rosters!C27="*",Rosters!D27,"")) -> Sean McVay (LAR) | C13: 0 | M13: =C13 -> 0
A14: Steve L | B14: =IF(Rosters!F2="*",Rosters!G2,IF(Rosters!F3="*",Rosters!G3,IF(Rosters!F4="*",Rosters!G4,""))) -> Tua Tagovailoa (Mia) | C14: 0 | M14: =if(C14="", "",IF((6*F14+2*G14-(H14+2*I14+J14+2*K14)+(ROUNDDOWN((IF(C14<200,(0),(2+(C14-200)/50))),0))+(IF(((ROUNDDOWN((IF(D14<75,(0),(2+(D14-75)/25))),0))+(ROUNDDOWN((IF(E14<75,(0),(2+(E14-75)/25))),0))>(ROUNDDOWN(IF((D14+E14)<100,0,2+((D14+E14)-100)/25),0))),(ROUNDDOWN((IF(D14<75,(0),(2+(D14-75)/25))),0))+(ROUNDDOWN((IF(E14<75,(0),(2+(E14-75)/25))),0)),(ROUNDDOWN(IF((D14+E14)<100,0,2+((D14+E14)-100)/25),0)))))<0,0,(6*F14+2*G14-(H14+2*I14+J14+2*K14)+(ROUNDDOWN((IF(C14<200,(0),(2+(C14-200)/50))),0))+(IF(((ROUNDDOWN((IF(D14<75,(0),(2+(D14-75)/25))),0))+(ROUNDDOWN((IF(E14<75,(0),(2+(E14-75)/25))),0))>(ROUNDDOWN(IF((D14+E14)<100,0,2+((D14+E14)-100)/25),0))),(ROUNDDOWN((IF(D14<75,(0),(2+(D14-75)/25))),0))+(ROUNDDOWN((IF(E14<75,(0),(2+(E14-75)/25))),0)),(ROUNDDOWN(IF((D14+E14)<100,0,2+((D14+E14)-100)/25),0))))))) -> 0
B15: =IF(Rosters!F6="*",Rosters!G6,IF(Rosters!F7="*",Rosters!G7,IF(Rosters!F8="*",Rosters!G8,IF(Rosters!F9="*",Rosters!G9,"")))) -> Jahmyr Gibbs (Det) | C15: 0 | M15: =if(C15="", "",IF((6*F15+2*G15-(H15+2*I15+J15+2*K15)+(ROUNDDOWN((IF(C15<200,(0),(2+(C15-200)/50))),0))+(IF(((ROUNDDOWN((IF(D15<75,(0),(2+(D15-75)/25))),0))+(ROUNDDOWN((IF(E15<75,(0),(2+(E15-75)/25))),0))>(ROUNDDOWN(IF((D15+E15)<100,0,2+((D15+E15)-100)/25),0))),(ROUNDDOWN((IF(D15<75,(0),(2+(D15-75)/25))),0))+(ROUNDDOWN((IF(E15<75,(0),(2+(E15-75)/25))),0)),(ROUNDDOWN(IF((D15+E15)<100,0,2+((D15+E15)-100)/25),0)))))<0,0,(6*F15+2*G15-(H15+2*I15+J15+2*K15)+(ROUNDDOWN((IF(C15<200,(0),(2+(C15-200)/50))),0))+(IF(((ROUNDDOWN((IF(D15<75,(0),(2+(D15-75)/25))),0))+(ROUNDDOWN((IF(E15<75,(0),(2+(E15-75)/25))),0))>(ROUNDDOWN(IF((D15+E15)<100,0,2+((D15+E15)-100)/25),0))),(ROUNDDOWN((IF(D15<75,(0),(2+(D15-75)/25))),0))+(ROUNDDOWN((IF(E15<75,(0),(2+(E15-75)/25))),0)),(ROUNDDOWN(IF((D15+E15)<100,0,2+((D15+E15)-100)/25),0))))))) -> 0
B16: =IF(Rosters!F9="*",Rosters!G9,IF(Rosters!F8="*",Rosters!G8,IF(Rosters!F7="*",Rosters!G7,IF(Rosters!F6="*",Rosters!G6,"")))) -> Isiah Pacheco (KC) | C16: 0 | M16: =if(C16="", "",IF((6*F16+2*G16-(H16+2*I16+J16+2*K16)+(ROUNDDOWN((IF(C16<200,(0),(2+(C16-200)/50))),0))+(IF(((ROUNDDOWN((IF(D16<75,(0),(2+(D16-75)/25))),0))+(ROUNDDOWN((IF(E16<75,(0),(2+(E16-75)/25))),0))>(ROUNDDOWN(IF((D16+E16)<100,0,2+((D16+E16)-100)/25),0))),(ROUNDDOWN((IF(D16<75,(0),(2+(D16-75)/25))),0))+(ROUNDDOWN((IF(E16<75,(0),(2+(E16-75)/25))),0)),(ROUNDDOWN(IF((D16+E16)<100,0,2+((D16+E16)-100)/25),0)))))<0,0,(6*F16+2*G16-(H16+2*I16+J16+2*K16)+(ROUNDDOWN((IF(C16<200,(0),(2+(C16-200)/50))),0))+(IF(((ROUNDDOWN((IF(D16<75,(0),(2+(D16-75)/25))),0))+(ROUNDDOWN((IF(E16<75,(0),(2+(E16-75)/25))),0))>(ROUNDDOWN(IF((D16+E16)<100,0,2+((D16+E16)-100)/25),0))),(ROUNDDOWN((IF(D16<75,(0),(2+(D16-75)/25))),0))+(ROUNDDOWN((IF(E16<75,(0),(2+(E16-75)/25))),0)),(ROUNDDOWN(IF((D16+E16)<100,0,2+((D16+E16)-100)/25),0))))))) -> 0
B17: =IF(Rosters!F11="*",Rosters!G11,IF(Rosters!F12="*",Rosters!G12,IF(Rosters!F13="*",Rosters!G13,IF(Rosters!F14="*",Rosters!G14,"")))) -> Christian Watson (GB) | C17: 0 | E17: 80 | F17: 1 | M17: =if(C17="", "",IF((6*F17+2*G17-(H17+2*I17+J17+2*K17)+(ROUNDDOWN((IF(C17<200,(0),(2+(C17-200)/50))),0))+(IF(((ROUNDDOWN((IF(D17<75,(0),(2+(D17-75)/25))),0))+(ROUNDDOWN((IF(E17<75,(0),(2+(E17-75)/25))),0))>(ROUNDDOWN(IF((D17+E17)<100,0,2+((D17+E17)-100)/25),0))),(ROUNDDOWN((IF(D17<75,(0),(2+(D17-75)/25))),0))+(ROUNDDOWN((IF(E17<75,(0),(2+(E17-75)/25))),0)),(ROUNDDOWN(IF((D17+E17)<100,0,2+((D17+E17)-100)/25),0)))))<0,0,(6*F17+2*G17-(H17+2*I17+J17+2*K17)+(ROUNDDOWN((IF(C17<200,(0),(2+(C17-200)/50))),0))+(IF(((ROUNDDOWN((IF(D17<75,(0),(2+(D17-75)/25))),0))+(ROUNDDOWN((IF(E17<75,(0),(2+(E17-75)/25))),0))>(ROUNDDOWN(IF((D17+E17)<100,0,2+((D17+E17)-100)/25),0))),(ROUNDDOWN((IF(D17<75,(0),(2+(D17-75)/25))),0))+(ROUNDDOWN((IF(E17<75,(0),(2+(E17-75)/25))),0)),(ROUNDDOWN(IF((D17+E17)<100,0,2+((D17+E17)-100)/25),0))))))) -> 8
B18: =IF(Rosters!F14="*",Rosters!G14,IF(Rosters!F13="*",Rosters!G13,IF(Rosters!F12="*",Rosters!G12,IF(Rosters!F11="*",Rosters!G11,"")))) -> Tet McMillan (Car) | C18: 0 | F18: 1 | M18: =if(C18="", "",IF((6*F18+2*G18-(H18+2*I18+J18+2*K18)+(ROUNDDOWN((IF(C18<200,(0),(2+(C18-200)/50))),0))+(IF(((ROUNDDOWN((IF(D18<75,(0),(2+(D18-75)/25))),0))+(ROUNDDOWN((IF(E18<75,(0),(2+(E18-75)/25))),0))>(ROUNDDOWN(IF((D18+E18)<100,0,2+((D18+E18)-100)/25),0))),(ROUNDDOWN((IF(D18<75,(0),(2+(D18-75)/25))),0))+(ROUNDDOWN((IF(E18<75,(0),(2+(E18-75)/25))),0)),(ROUNDDOWN(IF((D18+E18)<100,0,2+((D18+E18)-100)/25),0)))))<0,0,(6*F18+2*G18-(H18+2*I18+J18+2*K18)+(ROUNDDOWN((IF(C18<200,(0),(2+(C18-200)/50))),0))+(IF(((ROUNDDOWN((IF(D18<75,(0),(2+(D18-75)/25))),0))+(ROUNDDOWN((IF(E18<75,(0),(2+(E18-75)/25))),0))>(ROUNDDOWN(IF((D18+E18)<100,0,2+((D18+E18)-100)/25),0))),(ROUNDDOWN((IF(D18<75,(0),(2+(D18-75)/25))),0))+(ROUNDDOWN((IF(E18<75,(0),(2+(E18-75)/25))),0)),(ROUNDDOWN(IF((D18+E18)<100,0,2+((D18+E18)-100)/25),0))))))) -> 6
B19: =IF(Rosters!F16="*",Rosters!G16,IF(Rosters!F17="*",Rosters!G17,IF(Rosters!F18="*",Rosters!G18,""))) -> Gunnar Helm (Ten) | C19: 0 | M19: =if(C19="", "", IF((6*F19+2*G19-(H19+2*I19+J19+2*K19)+(ROUNDDOWN((IF(C19<200,(0),(2+(C19-200)/50))),0))+(IF(((ROUNDDOWN((IF(D19<50,(0),(2+(D19-50)/25))),0))+(ROUNDDOWN((IF(E19<50,(0),(2+(E19-50)/25))),0))>(ROUNDDOWN(IF((D19+E19)<75,0,2+((D19+E19)-75)/25),0))),(ROUNDDOWN((IF(D19<50,(0),(2+(D19-50)/25))),0))+(ROUNDDOWN((IF(E19<50,(0),(2+(E19-50)/25))),0)),(ROUNDDOWN(IF((D19+E19)<75,0,2+((D19+E19)-75)/25),0)))))<0,0,(6*F19+2*G19-(H19+2*I19+J19+2*K19)+(ROUNDDOWN((IF(C19<200,(0),(2+(C19-200)/50))),0))+(IF(((ROUNDDOWN((IF(D19<50,(0),(2+(D19-50)/25))),0))+(ROUNDDOWN((IF(E19<50,(0),(2+(E19-50)/25))),0))>(ROUNDDOWN(IF((D19+E19)<75,0,2+((D19+E19)-75)/25),0))),(ROUNDDOWN((IF(D19<50,(0),(2+(D19-50)/25))),0))+(ROUNDDOWN((IF(E19<50,(0),(2+(E19-50)/25))),0)),(ROUNDDOWN(IF((D19+E19)<75,0,2+((D19+E19)-75)/25),0))))))) -> 0
C20: FG1 | D20: FG2 | E20: FG3 | F20: FG4 | G20: FG5 | H20: FG6 | I20: FG7 | J20: PAT | K20: FGM | L20: PATM
B21: =IF(Rosters!F21="*",Rosters!G21,IF(Rosters!F20="*",Rosters!G20,"")) -> Brandon Aubrey (Dal) | C21: 25 | D21: 35 | E21: 45 | J21: 2 | M21: =if(C21="", "", IF((IF(C21<1, 0, IF(C21<30, 1, IF(C21<40, 2, IF(C21<50, 3, 4))))+IF(D21<1, 0, IF(D21<30, 1, IF(D21<40, 2, IF(D21<50, 3, 4))))+IF(E21<1, 0, IF(E21<30, 1, IF(E21<40, 2, IF(E21<50, 3, 4))))+IF(F21<1, 0, IF(F21<30, 1, IF(F21<40, 2, IF(F21<50, 3, 4))))+IF(G21<1, 0, IF(G21<30, 1, IF(G21<40, 2, IF(G21<50, 3, 4))))+IF(H21<1, 0, IF(H21<30, 1, IF(H21<40, 2, IF(H21<50, 3, 4))))+IF(I21<1, 0, IF(I21<30, 1, IF(I21<40, 2, IF(I21<50, 3, 4))))+J21-2*K21-L21)<0, 0, (IF(C21<1, 0, IF(C21<30, 1, IF(C21<40, 2, IF(C21<50, 3, 4))))+IF(D21<1, 0, IF(D21<30, 1, IF(D21<40, 2, IF(D21<50, 3, 4))))+IF(E21<1, 0, IF(E21<30, 1, IF(E21<40, 2, IF(E21<50, 3, 4))))+IF(F21<1, 0, IF(F21<30, 1, IF(F21<40, 2, IF(F21<50, 3, 4))))+IF(G21<1, 0, IF(G21<30, 1, IF(G21<40, 2, IF(G21<50, 3, 4))))+IF(H21<1, 0, IF(H21<30, 1, IF(H21<40, 2, IF(H21<50, 3, 4))))+IF(I21<1, 0, IF(I21<30, 1, IF(I21<40, 2, IF(I21<50, 3, 4))))+J21-2*K21-L21))) -> 8
C22: Pts | D22: Sacks | E22: INT | F22: FumR | G22: TD | H22: Safe | I22: BlkK | J22: BlkPAT
B23: =IF(Rosters!F23="*",Rosters!G23,IF(Rosters!F24="*",Rosters!G24,"")) -> Houston | C23: 16 | D23: 1 | M23: =if(C23="", "", IF((IF(C23="",0,(IF(C23=0,8,(IF(C23<10,6,(IF(C23<14,4,(IF(C23<18,2,(IF(C23<28,0,(IF(C23<32,-2,(IF(C23<36,-4,-6)))))))))))))))+D23+2*(E23+F23+H23+I23)+4*G23+J23)<0,0,(IF(C23="",0,(IF(C23=0,8,(IF(C23<10,6,(IF(C23<14,4,(IF(C23<18,2,(IF(C23<28,0,(IF(C23<32,-2,(IF(C23<36,-4,-6)))))))))))))))+D23+2*(E23+F23+H23+I23)+4*G23+J23))) -> 3
B25: =IF(Rosters!F26="*",Rosters!G26,IF(Rosters!F27="*",Rosters!G27,"")) -> Dan Campbell (Det) | C25: 0 | M25: =C25 -> 0
A26: John | B26: =IF(Rosters!I2="*",Rosters!J2,IF(Rosters!I3="*",Rosters!J3,IF(Rosters!I4="*",Rosters!J4,""))) -> Bo Nix (Den) | C26: 321 | F26: 1 | H26: 1 | M26: =if(C26="", "",IF((6*F26+2*G26-(H26+2*I26+J26+2*K26)+(ROUNDDOWN((IF(C26<200,(0),(2+(C26-200)/50))),0))+(IF(((ROUNDDOWN((IF(D26<75,(0),(2+(D26-75)/25))),0))+(ROUNDDOWN((IF(E26<75,(0),(2+(E26-75)/25))),0))>(ROUNDDOWN(IF((D26+E26)<100,0,2+((D26+E26)-100)/25),0))),(ROUNDDOWN((IF(D26<75,(0),(2+(D26-75)/25))),0))+(ROUNDDOWN((IF(E26<75,(0),(2+(E26-75)/25))),0)),(ROUNDDOWN(IF((D26+E26)<100,0,2+((D26+E26)-100)/25),0)))))<0,0,(6*F26+2*G26-(H26+2*I26+J26+2*K26)+(ROUNDDOWN((IF(C26<200,(0),(2+(C26-200)/50))),0))+(IF(((ROUNDDOWN((IF(D26<75,(0),(2+(D26-75)/25))),0))+(ROUNDDOWN((IF(E26<75,(0),(2+(E26-75)/25))),0))>(ROUNDDOWN(IF((D26+E26)<100,0,2+((D26+E26)-100)/25),0))),(ROUNDDOWN((IF(D26<75,(0),(2+(D26-75)/25))),0))+(ROUNDDOWN((IF(E26<75,(0),(2+(E26-75)/25))),0)),(ROUNDDOWN(IF((D26+E26)<100,0,2+((D26+E26)-100)/25),0))))))) -> 9
B27: =IF(Rosters!I6="*",Rosters!J6,IF(Rosters!I7="*",Rosters!J7,IF(Rosters!I8="*",Rosters!J8,IF(Rosters!I9="*",Rosters!J9,"")))) -> Kyren Williams (LAR) | C27: 0 | F27: 1 | M27: =if(C27="", "",IF((6*F27+2*G27-(H27+2*I27+J27+2*K27)+(ROUNDDOWN((IF(C27<200,(0),(2+(C27-200)/50))),0))+(IF(((ROUNDDOWN((IF(D27<75,(0),(2+(D27-75)/25))),0))+(ROUNDDOWN((IF(E27<75,(0),(2+(E27-75)/25))),0))>(ROUNDDOWN(IF((D27+E27)<100,0,2+((D27+E27)-100)/25),0))),(ROUNDDOWN((IF(D27<75,(0),(2+(D27-75)/25))),0))+(ROUNDDOWN((IF(E27<75,(0),(2+(E27-75)/25))),0)),(ROUNDDOWN(IF((D27+E27)<100,0,2+((D27+E27)-100)/25),0)))))<0,0,(6*F27+2*G27-(H27+2*I27+J27+2*K27)+(ROUNDDOWN((IF(C27<200,(0),(2+(C27-200)/50))),0))+(IF(((ROUNDDOWN((IF(D27<75,(0),(2+(D27-75)/25))),0))+(ROUNDDOWN((IF(E27<75,(0),(2+(E27-75)/25))),0))>(ROUNDDOWN(IF((D27+E27)<100,0,2+((D27+E27)-100)/25),0))),(ROUNDDOWN((IF(D27<75,(0),(2+(D27-75)/25))),0))+(ROUNDDOWN((IF(E27<75,(0),(2+(E27-75)/25))),0)),(ROUNDDOWN(IF((D27+E27)<100,0,2+((D27+E27)-100)/25),0))))))) -> 6
B28: =IF(Rosters!I9="*",Rosters!J9,IF(Rosters!I8="*",Rosters!J8,IF(Rosters!I7="*",Rosters!J7,IF(Rosters!I6="*",Rosters!J6,"")))) -> Blake Corum (LAR) | C28: 0 | D28: 81 | F28: 1 | M28: =if(C28="", "",IF((6*F28+2*G28-(H28+2*I28+J28+2*K28)+(ROUNDDOWN((IF(C28<200,(0),(2+(C28-200)/50))),0))+(IF(((ROUNDDOWN((IF(D28<75,(0),(2+(D28-75)/25))),0))+(ROUNDDOWN((IF(E28<75,(0),(2+(E28-75)/25))),0))>(ROUNDDOWN(IF((D28+E28)<100,0,2+((D28+E28)-100)/25),0))),(ROUNDDOWN((IF(D28<75,(0),(2+(D28-75)/25))),0))+(ROUNDDOWN((IF(E28<75,(0),(2+(E28-75)/25))),0)),(ROUNDDOWN(IF((D28+E28)<100,0,2+((D28+E28)-100)/25),0)))))<0,0,(6*F28+2*G28-(H28+2*I28+J28+2*K28)+(ROUNDDOWN((IF(C28<200,(0),(2+(C28-200)/50))),0))+(IF(((ROUNDDOWN((IF(D28<75,(0),(2+(D28-75)/25))),0))+(ROUNDDOWN((IF(E28<75,(0),(2+(E28-75)/25))),0))>(ROUNDDOWN(IF((D28+E28)<100,0,2+((D28+E28)-100)/25),0))),(ROUNDDOWN((IF(D28<75,(0),(2+(D28-75)/25))),0))+(ROUNDDOWN((IF(E28<75,(0),(2+(E28-75)/25))),0)),(ROUNDDOWN(IF((D28+E28)<100,0,2+((D28+E28)-100)/25),0))))))) -> 8
B29: =IF(Rosters!I11="*",Rosters!J11,IF(Rosters!I12="*",Rosters!J12,IF(Rosters!I13="*",Rosters!J13,IF(Rosters!I14="*",Rosters!J14,"")))) -> Ja'Marr Chase (Cin) | C29: 0 | E29: 110 | M29: =if(C29="", "",IF((6*F29+2*G29-(H29+2*I29+J29+2*K29)+(ROUNDDOWN((IF(C29<200,(0),(2+(C29-200)/50))),0))+(IF(((ROUNDDOWN((IF(D29<75,(0),(2+(D29-75)/25))),0))+(ROUNDDOWN((IF(E29<75,(0),(2+(E29-75)/25))),0))>(ROUNDDOWN(IF((D29+E29)<100,0,2+((D29+E29)-100)/25),0))),(ROUNDDOWN((IF(D29<75,(0),(2+(D29-75)/25))),0))+(ROUNDDOWN((IF(E29<75,(0),(2+(E29-75)/25))),0)),(ROUNDDOWN(IF((D29+E29)<100,0,2+((D29+E29)-100)/25),0)))))<0,0,(6*F29+2*G29-(H29+2*I29+J29+2*K29)+(ROUNDDOWN((IF(C29<200,(0),(2+(C29-200)/50))),0))+(IF(((ROUNDDOWN((IF(D29<75,(0),(2+(D29-75)/25))),0))+(ROUNDDOWN((IF(E29<75,(0),(2+(E29-75)/25))),0))>(ROUNDDOWN(IF((D29+E29)<100,0,2+((D29+E29)-100)/25),0))),(ROUNDDOWN((IF(D29<75,(0),(2+(D29-75)/25))),0))+(ROUNDDOWN((IF(E29<75,(0),(2+(E29-75)/25))),0)),(ROUNDDOWN(IF((D29+E29)<100,0,2+((D29+E29)-100)/25),0))))))) -> 3
B30: =IF(Rosters!I14="*",Rosters!J14,IF(Rosters!I13="*",Rosters!J13,IF(Rosters!I12="*",Rosters!J12,IF(Rosters!I11="*",Rosters!J11,"")))) -> Michael Pittman (Ind) | C30: 0 | M30: =if(C30="", "",IF((6*F30+2*G30-(H30+2*I30+J30+2*K30)+(ROUNDDOWN((IF(C30<200,(0),(2+(C30-200)/50))),0))+(IF(((ROUNDDOWN((IF(D30<75,(0),(2+(D30-75)/25))),0))+(ROUNDDOWN((IF(E30<75,(0),(2+(E30-75)/25))),0))>(ROUNDDOWN(IF((D30+E30)<100,0,2+((D30+E30)-100)/25),0))),(ROUNDDOWN((IF(D30<75,(0),(2+(D30-75)/25))),0))+(ROUNDDOWN((IF(E30<75,(0),(2+(E30-75)/25))),0)),(ROUNDDOWN(IF((D30+E30)<100,0,2+((D30+E30)-100)/25),0)))))<0,0,(6*F30+2*G30-(H30+2*I30+J30+2*K30)+(ROUNDDOWN((IF(C30<200,(0),(2+(C30-200)/50))),0))+(IF(((ROUNDDOWN((IF(D30<75,(0),(2+(D30-75)/25))),0))+(ROUNDDOWN((IF(E30<75,(0),(2+(E30-75)/25))),0))>(ROUNDDOWN(IF((D30+E30)<100,0,2+((D30+E30)-100)/25),0))),(ROUNDDOWN((IF(D30<75,(0),(2+(D30-75)/25))),0))+(ROUNDDOWN((IF(E30<75,(0),(2+(E30-75)/25))),0)),(ROUNDDOWN(IF((D30+E30)<100,0,2+((D30+E30)-100)/25),0))))))) -> 0
B31: =IF(Rosters!I16="*",Rosters!J16,IF(Rosters!I17="*",Rosters!J17,IF(Rosters!I18="*",Rosters!J18,""))) -> Dallas Goedert (Phi) | C31: 0 | M31: =if(C31="", "", IF((6*F31+2*G31-(H31+2*I31+J31+2*K31)+(ROUNDDOWN((IF(C31<200,(0),(2+(C31-200)/50))),0))+(IF(((ROUNDDOWN((IF(D31<50,(0),(2+(D31-50)/25))),0))+(ROUNDDOWN((IF(E31<50,(0),(2+(E31-50)/25))),0))>(ROUNDDOWN(IF((D31+E31)<75,0,2+((D31+E31)-75)/25),0))),(ROUNDDOWN((IF(D31<50,(0),(2+(D31-50)/25))),0))+(ROUNDDOWN((IF(E31<50,(0),(2+(E31-50)/25))),0)),(ROUNDDOWN(IF((D31+E31)<75,0,2+((D31+E31)-75)/25),0)))))<0,0,(6*F31+2*G31-(H31+2*I31+J31+2*K31)+(ROUNDDOWN((IF(C31<200,(0),(2+(C31-200)/50))),0))+(IF(((ROUNDDOWN((IF(D31<50,(0),(2+(D31-50)/25))),0))+(ROUNDDOWN((IF(E31<50,(0),(2+(E31-50)/25))),0))>(ROUNDDOWN(IF((D31+E31)<75,0,2+((D31+E31)-75)/25),0))),(ROUNDDOWN((IF(D31<50,(0),(2+(D31-50)/25))),0))+(ROUNDDOWN((IF(E31<50,(0),(2+(E31-50)/25))),0)),(ROUNDDOWN(IF((D31+E31)<75,0,2+((D31+E31)-75)/25),0))))))) -> 0
C32: FG1 | D32: FG2 | E32: FG3 | F32: FG4 | G32: FG5 | H32: FG6 | I32: FG7 | J32: PAT | K32: FGM | L32: PATM
B33: =IF(Rosters!I21="*",Rosters!J21,IF(Rosters!I20="*",Rosters!J20,"")) -> Cameron Dicker (LAC) | C33: 55 | J33: 4 | M33: =if(C33="", "", IF((IF(C33<1, 0, IF(C33<30, 1, IF(C33<40, 2, IF(C33<50, 3, 4))))+IF(D33<1, 0, IF(D33<30, 1, IF(D33<40, 2, IF(D33<50, 3, 4))))+IF(E33<1, 0, IF(E33<30, 1, IF(E33<40, 2, IF(E33<50, 3, 4))))+IF(F33<1, 0, IF(F33<30, 1, IF(F33<40, 2, IF(F33<50, 3, 4))))+IF(G33<1, 0, IF(G33<30, 1, IF(G33<40, 2, IF(G33<50, 3, 4))))+IF(H33<1, 0, IF(H33<30, 1, IF(H33<40, 2, IF(H33<50, 3, 4))))+IF(I33<1, 0, IF(I33<30, 1, IF(I33<40, 2, IF(I33<50, 3, 4))))+J33-2*K33-L33)<0, 0, (IF(C33<1, 0, IF(C33<30, 1, IF(C33<40, 2, IF(C33<50, 3, 4))))+IF(D33<1, 0, IF(D33<30, 1, IF(D33<40, 2, IF(D33<50, 3, 4))))+IF(E33<1, 0, IF(E33<30, 1, IF(E33<40, 2, IF(E33<50, 3, 4))))+IF(F33<1, 0, IF(F33<30, 1, IF(F33<40, 2, IF(F33<50, 3, 4))))+IF(G33<1, 0, IF(G33<30, 1, IF(G33<40, 2, IF(G33<50, 3, 4))))+IF(H33<1, 0, IF(H33<30, 1, IF(H33<40, 2, IF(H33<50, 3, 4))))+IF(I33<1, 0, IF(I33<30, 1, IF(I33<40, 2, IF(I33<50, 3, 4))))+J33-2*K33-L33))) -> 8
C34: Pts | D34: Sacks | E34: INT | F34: FumR | G34: TD | H34: Safe | I34: BlkK | J34: BlkPAT
B35: =IF(Rosters!I23="*",Rosters!J23,IF(Rosters!I24="*",Rosters!J24,"")) -> San Francisco | C35: 8 | D35: 3 | F35: 2 | M35: =if(C35="", "", IF((IF(C35="",0,(IF(C35=0,8,(IF(C35<10,6,(IF(C35<14,4,(IF(C35<18,2,(IF(C35<28,0,(IF(C35<32,-2,(IF(C35<36,-4,-6)))))))))))))))+D35+2*(E35+F35+H35+I35)+4*G35+J35)<0,0,(IF(C35="",0,(IF(C35=0,8,(IF(C35<10,6,(IF(C35<14,4,(IF(C35<18,2,(IF(C35<28,0,(IF(C35<32,-2,(IF(C35<36,-4,-6)))))))))))))))+D35+2*(E35+F35+H35+I35)+4*G35+J35))) -> 13
B37: =IF(Rosters!I27="*",Rosters!J27,IF(Rosters!I26="*",Rosters!J26,"")) -> John Harbaugh (Bal) | C37: 0 | M37: =C37 -> 0
A38: Kevin | B38: =IF(Rosters!L2="*",Rosters!M2,IF(Rosters!L3="*",Rosters!M3,IF(Rosters!L4="*",Rosters!M4,""))) -> Jalen Hurts (Phi) | C38: 230 | F38: 2 | H38: 1 | J38: 1 | M38: =if(C38="", "",IF((6*F38+2*G38-(H38+2*I38+J38+2*K38)+(ROUNDDOWN((IF(C38<200,(0),(2+(C38-200)/50))),0))+(IF(((ROUNDDOWN((IF(D38<75,(0),(2+(D38-75)/25))),0))+(ROUNDDOWN((IF(E38<75,(0),(2+(E38-75)/25))),0))>(ROUNDDOWN(IF((D38+E38)<100,0,2+((D38+E38)-100)/25),0))),(ROUNDDOWN((IF(D38<75,(0),(2+(D38-75)/25))),0))+(ROUNDDOWN((IF(E38<75,(0),(2+(E38-75)/25))),0)),(ROUNDDOWN(IF((D38+E38)<100,0,2+((D38+E38)-100)/25),0)))))<0,0,(6*F38+2*G38-(H38+2*I38+J38+2*K38)+(ROUNDDOWN((IF(C38<200,(0),(2+(C38-200)/50))),0))+(IF(((ROUNDDOWN((IF(D38<75,(0),(2+(D38-75)/25))),0))+(ROUNDDOWN((IF(E38<75,(0),(2+(E38-75)/25))),0))>(ROUNDDOWN(IF((D38+E38)<100,0,2+((D38+E38)-100)/25),0))),(ROUNDDOWN((IF(D38<75,(0),(2+(D38-75)/25))),0))+(ROUNDDOWN((IF(E38<75,(0),(2+(E38-75)/25))),0)),(ROUNDDOWN(IF((D38+E38)<100,0,2+((D38+E38)-100)/25),0))))))) -> 12
B39: =IF(Rosters!L6="*",Rosters!M6,IF(Rosters!L7="*",Rosters!M7,IF(Rosters!L8="*",Rosters!M8,IF(Rosters!L9="*",Rosters!M9,"")))) -> De'Von Achane (Mia) | C39: 0 | D39: 134 | F39: 1 | M39: =if(C39="", "",IF((6*F39+2*G39-(H39+2*I39+J39+2*K39)+(ROUNDDOWN((IF(C39<200,(0),(2+(C39-200)/50))),0))+(IF(((ROUNDDOWN((IF(D39<75,(0),(2+(D39-75)/25))),0))+(ROUNDDOWN((IF(E39<75,(0),(2+(E39-75)/25))),0))>(ROUNDDOWN(IF((D39+E39)<100,0,2+((D39+E39)-100)/25),0))),(ROUNDDOWN((IF(D39<75,(0),(2+(D39-75)/25))),0))+(ROUNDDOWN((IF(E39<75,(0),(2+(E39-75)/25))),0)),(ROUNDDOWN(IF((D39+E39)<100,0,2+((D39+E39)-100)/25),0)))))<0,0,(6*F39+2*G39-(H39+2*I39+J39+2*K39)+(ROUNDDOWN((IF(C39<200,(0),(2+(C39-200)/50))),0))+(IF(((ROUNDDOWN((IF(D39<75,(0),(2+(D39-75)/25))),0))+(ROUNDDOWN((IF(E39<75,(0),(2+(E39-75)/25))),0))>(ROUNDDOWN(IF((D39+E39)<100,0,2+((D39+E39)-100)/25),0))),(ROUNDDOWN((IF(D39<75,(0),(2+(D39-75)/25))),0))+(ROUNDDOWN((IF(E39<75,(0),(2+(E39-75)/25))),0)),(ROUNDDOWN(IF((D39+E39)<100,0,2+((D39+E39)-100)/25),0))))))) -> 10
B40: =IF(Rosters!L9="*",Rosters!M9,IF(Rosters!L8="*",Rosters!M8,IF(Rosters!L7="*",Rosters!M7,IF(Rosters!L6="*",Rosters!M6,"")))) -> Woody Marks (Hou) | C40: 0 | M40: =if(C40="", "",IF((6*F40+2*G40-(H40+2*I40+J40+2*K40)+(ROUNDDOWN((IF(C40<200,(0),(2+(C40-200)/50))),0))+(IF(((ROUNDDOWN((IF(D40<75,(0),(2+(D40-75)/25))),0))+(ROUNDDOWN((IF(E40<75,(0),(2+(E40-75)/25))),0))>(ROUNDDOWN(IF((D40+E40)<100,0,2+((D40+E40)-100)/25),0))),(ROUNDDOWN((IF(D40<75,(0),(2+(D40-75)/25))),0))+(ROUNDDOWN((IF(E40<75,(0),(2+(E40-75)/25))),0)),(ROUNDDOWN(IF((D40+E40)<100,0,2+((D40+E40)-100)/25),0)))))<0,0,(6*F40+2*G40-(H40+2*I40+J40+2*K40)+(ROUNDDOWN((IF(C40<200,(0),(2+(C40-200)/50))),0))+(IF(((ROUNDDOWN((IF(D40<75,(0),(2+(D40-75)/25))),0))+(ROUNDDOWN((IF(E40<75,(0),(2+(E40-75)/25))),0))>(ROUNDDOWN(IF((D40+E40)<100,0,2+((D40+E40)-100)/25),0))),(ROUNDDOWN((IF(D40<75,(0),(2+(D40-75)/25))),0))+(ROUNDDOWN((IF(E40<75,(0),(2+(E40-75)/25))),0)),(ROUNDDOWN(IF((D40+E40)<100,0,2+((D40+E40)-100)/25),0))))))) -> 0
B41: =IF(Rosters!L11="*",Rosters!M11,IF(Rosters!L12="*",Rosters!M12,IF(Rosters!L13="*",Rosters!M13,IF(Rosters!L14="*",Rosters!M14,"")))) -> Deebo Samuel (Was) | C41: 0 | M41: =if(C41="", "",IF((6*F41+2*G41-(H41+2*I41+J41+2*K41)+(ROUNDDOWN((IF(C41<200,(0),(2+(C41-200)/50))),0))+(IF(((ROUNDDOWN((IF(D41<75,(0),(2+(D41-75)/25))),0))+(ROUNDDOWN((IF(E41<75,(0),(2+(E41-75)/25))),0))>(ROUNDDOWN(IF((D41+E41)<100,0,2+((D41+E41)-100)/25),0))),(ROUNDDOWN((IF(D41<75,(0),(2+(D41-75)/25))),0))+(ROUNDDOWN((IF(E41<75,(0),(2+(E41-75)/25))),0)),(ROUNDDOWN(IF((D41+E41)<100,0,2+((D41+E41)-100)/25),0)))))<0,0,(6*F41+2*G41-(H41+2*I41+J41+2*K41)+(ROUNDDOWN((IF(C41<200,(0),(2+(C41-200)/50))),0))+(IF(((ROUNDDOWN((IF(D41<75,(0),(2+(D41-75)/25))),0))+(ROUNDDOWN((IF(E41<75,(0),(2+(E41-75)/25))),0))>(ROUNDDOWN(IF((D41+E41)<100,0,2+((D41+E41)-100)/25),0))),(ROUNDDOWN((IF(D41<75,(0),(2+(D41-75)/25))),0))+(ROUNDDOWN((IF(E41<75,(0),(2+(E41-75)/25))),0)),(ROUNDDOWN(IF((D41+E41)<100,0,2+((D41+E41)-100)/25),0))))))) -> 0
B42: =IF(Rosters!L14="*",Rosters!M14,IF(Rosters!L13="*",Rosters!M13,IF(Rosters!L12="*",Rosters!M12,IF(Rosters!L11="*",Rosters!M11,"")))) -> Emeka Egbuka (TB) | C42: 0 | M42: =if(C42="", "",IF((6*F42+2*G42-(H42+2*I42+J42+2*K42)+(ROUNDDOWN((IF(C42<200,(0),(2+(C42-200)/50))),0))+(IF(((ROUNDDOWN((IF(D42<75,(0),(2+(D42-75)/25))),0))+(ROUNDDOWN((IF(E42<75,(0),(2+(E42-75)/25))),0))>(ROUNDDOWN(IF((D42+E42)<100,0,2+((D42+E42)-100)/25),0))),(ROUNDDOWN((IF(D42<75,(0),(2+(D42-75)/25))),0))+(ROUNDDOWN((IF(E42<75,(0),(2+(E42-75)/25))),0)),(ROUNDDOWN(IF((D42+E42)<100,0,2+((D42+E42)-100)/25),0)))))<0,0,(6*F42+2*G42-(H42+2*I42+J42+2*K42)+(ROUNDDOWN((IF(C42<200,(0),(2+(C42-200)/50))),0))+(IF(((ROUNDDOWN((IF(D42<75,(0),(2+(D42-75)/25))),0))+(ROUNDDOWN((IF(E42<75,(0),(2+(E42-75)/25))),0))>(ROUNDDOWN(IF((D42+E42)<100,0,2+((D42+E42)-100)/25),0))),(ROUNDDOWN((IF(D42<75,(0),(2+(D42-75)/25))),0))+(ROUNDDOWN((IF(E42<75,(0),(2+(E42-75)/25))),0)),(ROUNDDOWN(IF((D42+E42)<100,0,2+((D42+E42)-100)/25),0))))))) -> 0
B43: =IF(Rosters!L16="*",Rosters!M16,IF(Rosters!L17="*",Rosters!M17,IF(Rosters!L18="*",Rosters!M18,""))) -> Travis Kelce (KC) | C43: 0 | F43: 1 | M43: =if(C43="", "", IF((6*F43+2*G43-(H43+2*I43+J43+2*K43)+(ROUNDDOWN((IF(C43<200,(0),(2+(C43-200)/50))),0))+(IF(((ROUNDDOWN((IF(D43<50,(0),(2+(D43-50)/25))),0))+(ROUNDDOWN((IF(E43<50,(0),(2+(E43-50)/25))),0))>(ROUNDDOWN(IF((D43+E43)<75,0,2+((D43+E43)-75)/25),0))),(ROUNDDOWN((IF(D43<50,(0),(2+(D43-50)/25))),0))+(ROUNDDOWN((IF(E43<50,(0),(2+(E43-50)/25))),0)),(ROUNDDOWN(IF((D43+E43)<75,0,2+((D43+E43)-75)/25),0)))))<0,0,(6*F43+2*G43-(H43+2*I43+J43+2*K43)+(ROUNDDOWN((IF(C43<200,(0),(2+(C43-200)/50))),0))+(IF(((ROUNDDOWN((IF(D43<50,(0),(2+(D43-50)/25))),0))+(ROUNDDOWN((IF(E43<50,(0),(2+(E43-50)/25))),0))>(ROUNDDOWN(IF((D43+E43)<75,0,2+((D43+E43)-75)/25),0))),(ROUNDDOWN((IF(D43<50,(0),(2+(D43-50)/25))),0))+(ROUNDDOWN((IF(E43<50,(0),(2+(E43-50)/25))),0)),(ROUNDDOWN(IF((D43+E43)<75,0,2+((D43+E43)-75)/25),0))))))) -> 6
C44: FG1 | D44: FG2 | E44: FG3 | F44: FG4 | G44: FG5 | H44: FG6 | I44: FG7 | J44: PAT | K44: FGM | L44: PATM
B45: =IF(Rosters!L21="*",Rosters!M21,IF(Rosters!L20="*",Rosters!M20,"")) -> Chris Boswell (Pit) | C45: 0 | J45: 1 | M45: =if(C45="", "", IF((IF(C45<1, 0, IF(C45<30, 1, IF(C45<40, 2, IF(C45<50, 3, 4))))+IF(D45<1, 0, IF(D45<30, 1, IF(D45<40, 2, IF(D45<50, 3, 4))))+IF(E45<1, 0, IF(E45<30, 1, IF(E45<40, 2, IF(E45<50, 3, 4))))+IF(F45<1, 0, IF(F45<30, 1, IF(F45<40, 2, IF(F45<50, 3, 4))))+IF(G45<1, 0, IF(G45<30, 1, IF(G45<40, 2, IF(G45<50, 3, 4))))+IF(H45<1, 0, IF(H45<30, 1, IF(H45<40, 2, IF(H45<50, 3, 4))))+IF(I45<1, 0, IF(I45<30, 1, IF(I45<40, 2, IF(I45<50, 3, 4))))+J45-2*K45-L45)<0, 0, (IF(C45<1, 0, IF(C45<30, 1, IF(C45<40, 2, IF(C45<50, 3, 4))))+IF(D45<1, 0, IF(D45<30, 1, IF(D45<40, 2, IF(D45<50, 3, 4))))+IF(E45<1, 0, IF(E45<30, 1, IF(E45<40, 2, IF(E45<50, 3, 4))))+IF(F45<1, 0, IF(F45<30, 1, IF(F45<40, 2, IF(F45<50, 3, 4))))+IF(G45<1, 0, IF(G45<30, 1, IF(G45<40, 2, IF(G45<50, 3, 4))))+IF(H45<1, 0, IF(H45<30, 1, IF(H45<40, 2, IF(H45<50, 3, 4))))+IF(I45<1, 0, IF(I45<30, 1, IF(I45<40, 2, IF(I45<50, 3, 4))))+J45-2*K45-L45))) -> 1
C46: Pts | D46: Sacks | E46: INT | F46: FumR | G46: TD | H46: Safe | I46: BlkK | J46: BlkPAT
B47: =IF(Rosters!L23="*",Rosters!M23,IF(Rosters!L24="*",Rosters!M24,"")) -> LA Rams | C47: 31 | D47: 2 | M47: =if(C47="", "", IF((IF(C47="",0,(IF(C47=0,8,(IF(C47<10,6,(IF(C47<14,4,(IF(C47<18,2,(IF(C47<28,0,(IF(C47<32,-2,(IF(C47<36,-4,-6)))))))))))))))+D47+2*(E47+F47+H47+I47)+4*G47+J47)<0,0,(IF(C47="",0,(IF(C47=0,8,(IF(C47<10,6,(IF(C47<14,4,(IF(C47<18,2,(IF(C47<28,0,(IF(C47<32,-2,(IF(C47<36,-4,-6)))))))))))))))+D47+2*(E47+F47+H47+I47)+4*G47+J47))) -> 0
B49: =IF(Rosters!L27="*",Rosters!M27,IF(Rosters!L26="*",Rosters!M26,"")) -> Kyle Shanahan (SF) | C49: 5 | M49: =C49 -> 5
A50: D/J | B50: =IF(Rosters!O2="*",Rosters!P2,IF(Rosters!O3="*",Rosters!P3,IF(Rosters!O4="*",Rosters!P4,""))) -> Josh Allen (Buf) | C50: 0 | F50: 2 | H50: 1 | M50: =if(C50="", "",IF((6*F50+2*G50-(H50+2*I50+J50+2*K50)+(ROUNDDOWN((IF(C50<200,(0),(2+(C50-200)/50))),0))+(IF(((ROUNDDOWN((IF(D50<75,(0),(2+(D50-75)/25))),0))+(ROUNDDOWN((IF(E50<75,(0),(2+(E50-75)/25))),0))>(ROUNDDOWN(IF((D50+E50)<100,0,2+((D50+E50)-100)/25),0))),(ROUNDDOWN((IF(D50<75,(0),(2+(D50-75)/25))),0))+(ROUNDDOWN((IF(E50<75,(0),(2+(E50-75)/25))),0)),(ROUNDDOWN(IF((D50+E50)<100,0,2+((D50+E50)-100)/25),0)))))<0,0,(6*F50+2*G50-(H50+2*I50+J50+2*K50)+(ROUNDDOWN((IF(C50<200,(0),(2+(C50-200)/50))),0))+(IF(((ROUNDDOWN((IF(D50<75,(0),(2+(D50-75)/25))),0))+(ROUNDDOWN((IF(E50<75,(0),(2+(E50-75)/25))),0))>(ROUNDDOWN(IF((D50+E50)<100,0,2+((D50+E50)-100)/25),0))),(ROUNDDOWN((IF(D50<75,(0),(2+(D50-75)/25))),0))+(ROUNDDOWN((IF(E50<75,(0),(2+(E50-75)/25))),0)),(ROUNDDOWN(IF((D50+E50)<100,0,2+((D50+E50)-100)/25),0))))))) -> 11
B51: =IF(Rosters!O6="*",Rosters!P6,IF(Rosters!O7="*",Rosters!P7,IF(Rosters!O8="*",Rosters!P8,IF(Rosters!O9="*",Rosters!P9,"")))) -> Zach Charbonnet (Sea) | C51: 0 | F51: 1 | M51: =if(C51="", "",IF((6*F51+2*G51-(H51+2*I51+J51+2*K51)+(ROUNDDOWN((IF(C51<200,(0),(2+(C51-200)/50))),0))+(IF(((ROUNDDOWN((IF(D51<75,(0),(2+(D51-75)/25))),0))+(ROUNDDOWN((IF(E51<75,(0),(2+(E51-75)/25))),0))>(ROUNDDOWN(IF((D51+E51)<100,0,2+((D51+E51)-100)/25),0))),(ROUNDDOWN((IF(D51<75,(0),(2+(D51-75)/25))),0))+(ROUNDDOWN((IF(E51<75,(0),(2+(E51-75)/25))),0)),(ROUNDDOWN(IF((D51+E51)<100,0,2+((D51+E51)-100)/25),0)))))<0,0,(6*F51+2*G51-(H51+2*I51+J51+2*K51)+(ROUNDDOWN((IF(C51<200,(0),(2+(C51-200)/50))),0))+(IF(((ROUNDDOWN((IF(D51<75,(0),(2+(D51-75)/25))),0))+(ROUNDDOWN((IF(E51<75,(0),(2+(E51-75)/25))),0))>(ROUNDDOWN(IF((D51+E51)<100,0,2+((D51+E51)-100)/25),0))),(ROUNDDOWN((IF(D51<75,(0),(2+(D51-75)/25))),0))+(ROUNDDOWN((IF(E51<75,(0),(2+(E51-75)/25))),0)),(ROUNDDOWN(IF((D51+E51)<100,0,2+((D51+E51)-100)/25),0))))))) -> 6
B52: =IF(Rosters!O9="*",Rosters!P9,IF(Rosters!O8="*",Rosters!P8,IF(Rosters!O7="*",Rosters!P7,IF(Rosters!O6="*",Rosters!P6,"")))) -> Tyjae Spears (Ten) | C52: 0 | M52: =if(C52="", "",IF((6*F52+2*G52-(H52+2*I52+J52+2*K52)+(ROUNDDOWN((IF(C52<200,(0),(2+(C52-200)/50))),0))+(IF(((ROUNDDOWN((IF(D52<75,(0),(2+(D52-75)/25))),0))+(ROUNDDOWN((IF(E52<75,(0),(2+(E52-75)/25))),0))>(ROUNDDOWN(IF((D52+E52)<100,0,2+((D52+E52)-100)/25),0))),(ROUNDDOWN((IF(D52<75,(0),(2+(D52-75)/25))),0))+(ROUNDDOWN((IF(E52<75,(0),(2+(E52-75)/25))),0)),(ROUNDDOWN(IF((D52+E52)<100,0,2+((D52+E52)-100)/25),0)))))<0,0,(6*F52+2*G52-(H52+2*I52+J52+2*K52)+(ROUNDDOWN((IF(C52<200,(0),(2+(C52-200)/50))),0))+(IF(((ROUNDDOWN((IF(D52<75,(0),(2+(D52-75)/25))),0))+(ROUNDDOWN((IF(E52<75,(0),(2+(E52-75)/25))),0))>(ROUNDDOWN(IF((D52+E52)<100,0,2+((D52+E52)-100)/25),0))),(ROUNDDOWN((IF(D52<75,(0),(2+(D52-75)/25))),0))+(ROUNDDOWN((IF(E52<75,(0),(2+(E52-75)/25))),0)),(ROUNDDOWN(IF((D52+E52)<100,0,2+((D52+E52)-100)/25),0))))))) -> 0
B53: =IF(Rosters!O11="*",Rosters!P11,IF(Rosters!O12="*",Rosters!P12,IF(Rosters!O13="*",Rosters!P13,IF(Rosters!O14="*",Rosters!P14,"")))) -> Amon-Ra St. Brown (Det) | C53: 0 | M53: =if(C53="", "",IF((6*F53+2*G53-(H53+2*I53+J53+2*K53)+(ROUNDDOWN((IF(C53<200,(0),(2+(C53-200)/50))),0))+(IF(((ROUNDDOWN((IF(D53<75,(0),(2+(D53-75)/25))),0))+(ROUNDDOWN((IF(E53<75,(0),(2+(E53-75)/25))),0))>(ROUNDDOWN(IF((D53+E53)<100,0,2+((D53+E53)-100)/25),0))),(ROUNDDOWN((IF(D53<75,(0),(2+(D53-75)/25))),0))+(ROUNDDOWN((IF(E53<75,(0),(2+(E53-75)/25))),0)),(ROUNDDOWN(IF((D53+E53)<100,0,2+((D53+E53)-100)/25),0)))))<0,0,(6*F53+2*G53-(H53+2*I53+J53+2*K53)+(ROUNDDOWN((IF(C53<200,(0),(2+(C53-200)/50))),0))+(IF(((ROUNDDOWN((IF(D53<75,(0),(2+(D53-75)/25))),0))+(ROUNDDOWN((IF(E53<75,(0),(2+(E53-75)/25))),0))>(ROUNDDOWN(IF((D53+E53)<100,0,2+((D53+E53)-100)/25),0))),(ROUNDDOWN((IF(D53<75,(0),(2+(D53-75)/25))),0))+(ROUNDDOWN((IF(E53<75,(0),(2+(E53-75)/25))),0)),(ROUNDDOWN(IF((D53+E53)<100,0,2+((D53+E53)-100)/25),0))))))) -> 0
B54: =IF(Rosters!O14="*",Rosters!P14,IF(Rosters!O13="*",Rosters!P13,IF(Rosters!O12="*",Rosters!P12,IF(Rosters!O11="*",Rosters!P11,"")))) -> Marvin Harrison (Arz) | C54: 0 | M54: =if(C54="", "",IF((6*F54+2*G54-(H54+2*I54+J54+2*K54)+(ROUNDDOWN((IF(C54<200,(0),(2+(C54-200)/50))),0))+(IF(((ROUNDDOWN((IF(D54<75,(0),(2+(D54-75)/25))),0))+(ROUNDDOWN((IF(E54<75,(0),(2+(E54-75)/25))),0))>(ROUNDDOWN(IF((D54+E54)<100,0,2+((D54+E54)-100)/25),0))),(ROUNDDOWN((IF(D54<75,(0),(2+(D54-75)/25))),0))+(ROUNDDOWN((IF(E54<75,(0),(2+(E54-75)/25))),0)),(ROUNDDOWN(IF((D54+E54)<100,0,2+((D54+E54)-100)/25),0)))))<0,0,(6*F54+2*G54-(H54+2*I54+J54+2*K54)+(ROUNDDOWN((IF(C54<200,(0),(2+(C54-200)/50))),0))+(IF(((ROUNDDOWN((IF(D54<75,(0),(2+(D54-75)/25))),0))+(ROUNDDOWN((IF(E54<75,(0),(2+(E54-75)/25))),0))>(ROUNDDOWN(IF((D54+E54)<100,0,2+((D54+E54)-100)/25),0))),(ROUNDDOWN((IF(D54<75,(0),(2+(D54-75)/25))),0))+(ROUNDDOWN((IF(E54<75,(0),(2+(E54-75)/25))),0)),(ROUNDDOWN(IF((D54+E54)<100,0,2+((D54+E54)-100)/25),0))))))) -> 0
B55: =IF(Rosters!O16="*",Rosters!P16,IF(Rosters!O17="*",Rosters!P17,IF(Rosters!O18="*",Rosters!P18,""))) -> Brenton Strange (Jax) | C55: 0 | F55: 1 | M55: =if(C55="", "", IF((6*F55+2*G55-(H55+2*I55+J55+2*K55)+(ROUNDDOWN((IF(C55<200,(0),(2+(C55-200)/50))),0))+(IF(((ROUNDDOWN((IF(D55<50,(0),(2+(D55-50)/25))),0))+(ROUNDDOWN((IF(E55<50,(0),(2+(E55-50)/25))),0))>(ROUNDDOWN(IF((D55+E55)<75,0,2+((D55+E55)-75)/25),0))),(ROUNDDOWN((IF(D55<50,(0),(2+(D55-50)/25))),0))+(ROUNDDOWN((IF(E55<50,(0),(2+(E55-50)/25))),0)),(ROUNDDOWN(IF((D55+E55)<75,0,2+((D55+E55)-75)/25),0)))))<0,0,(6*F55+2*G55-(H55+2*I55+J55+2*K55)+(ROUNDDOWN((IF(C55<200,(0),(2+(C55-200)/50))),0))+(IF(((ROUNDDOWN((IF(D55<50,(0),(2+(D55-50)/25))),0))+(ROUNDDOWN((IF(E55<50,(0),(2+(E55-50)/25))),0))>(ROUNDDOWN(IF((D55+E55)<75,0,2+((D55+E55)-75)/25),0))),(ROUNDDOWN((IF(D55<50,(0),(2+(D55-50)/25))),0))+(ROUNDDOWN((IF(E55<50,(0),(2+(E55-50)/25))),0)),(ROUNDDOWN(IF((D55+E55)<75,0,2+((D55+E55)-75)/25),0))))))) -> 6
C56: FG1 | D56: FG2 | E56: FG3 | F56: FG4 | G56: FG5 | H56: FG6 | I56: FG7 | J56: PAT | K56: FGM | L56: PATM
B57: =IF(Rosters!O21="*",Rosters!P21,IF(Rosters!O20="*",Rosters!P20,"")) -> Tyler Loop (Bal) | C57: 0 | J57: 2 | M57: =if(C57="", "", IF((IF(C57<1, 0, IF(C57<30, 1, IF(C57<40, 2, IF(C57<50, 3, 4))))+IF(D57<1, 0, IF(D57<30, 1, IF(D57<40, 2, IF(D57<50, 3, 4))))+IF(E57<1, 0, IF(E57<30, 1, IF(E57<40, 2, IF(E57<50, 3, 4))))+IF(F57<1, 0, IF(F57<30, 1, IF(F57<40, 2, IF(F57<50, 3, 4))))+IF(G57<1, 0, IF(G57<30, 1, IF(G57<40, 2, IF(G57<50, 3, 4))))+IF(H57<1, 0, IF(H57<30, 1, IF(H57<40, 2, IF(H57<50, 3, 4))))+IF(I57<1, 0, IF(I57<30, 1, IF(I57<40, 2, IF(I57<50, 3, 4))))+J57-2*K57-L57)<0, 0, (IF(C57<1, 0, IF(C57<30, 1, IF(C57<40, 2, IF(C57<50, 3, 4))))+IF(D57<1, 0, IF(D57<30, 1, IF(D57<40, 2, IF(D57<50, 3, 4))))+IF(E57<1, 0, IF(E57<30, 1, IF(E57<40, 2, IF(E57<50, 3, 4))))+IF(F57<1, 0, IF(F57<30, 1, IF(F57<40, 2, IF(F57<50, 3, 4))))+IF(G57<1, 0, IF(G57<30, 1, IF(G57<40, 2, IF(G57<50, 3, 4))))+IF(H57<1, 0, IF(H57<30, 1, IF(H57<40, 2, IF(H57<50, 3, 4))))+IF(I57<1, 0, IF(I57<30, 1, IF(I57<40, 2, IF(I57<50, 3, 4))))+J57-2*K57-L57))) -> 2
C58: Pts | D58: Sacks | E58: INT | F58: FumR | G58: TD | H58: Safe | I58: BlkK | J58: BlkPAT
B59: =IF(Rosters!O23="*",Rosters!P23,IF(Rosters!O24="*",Rosters!P24,"")) -> New England | C59: 15 | D59: 2 | F59: 1 | M59: =if(C59="", "", IF((IF(C59="",0,(IF(C59=0,8,(IF(C59<10,6,(IF(C59<14,4,(IF(C59<18,2,(IF(C59<28,0,(IF(C59<32,-2,(IF(C59<36,-4,-6)))))))))))))))+D59+2*(E59+F59+H59+I59)+4*G59+J59)<0,0,(IF(C59="",0,(IF(C59=0,8,(IF(C59<10,6,(IF(C59<14,4,(IF(C59<18,2,(IF(C59<28,0,(IF(C59<32,-2,(IF(C59<36,-4,-6)))))))))))))))+D59+2*(E59+F59+H59+I59)+4*G59+J59))) -> 6
B61: =IF(Rosters!O27="*",Rosters!P27,IF(Rosters!O26="*",Rosters!P26,"")) -> Mike Vrabel (NE) | C61: 4 | M61: =C61 -> 4
A62: Greg/G | B62: =IF(Rosters!R2="*",Rosters!S2,IF(Rosters!R3="*",Rosters!S3,IF(Rosters!R4="*",Rosters!S4,""))) -> Baker Mayfield (TB) | C62: 0 | F62: 1 | M62: =if(C62="", "",IF((6*F62+2*G62-(H62+2*I62+J62+2*K62)+(ROUNDDOWN((IF(C62<200,(0),(2+(C62-200)/50))),0))+(IF(((ROUNDDOWN((IF(D62<75,(0),(2+(D62-75)/25))),0))+(ROUNDDOWN((IF(E62<75,(0),(2+(E62-75)/25))),0))>(ROUNDDOWN(IF((D62+E62)<100,0,2+((D62+E62)-100)/25),0))),(ROUNDDOWN((IF(D62<75,(0),(2+(D62-75)/25))),0))+(ROUNDDOWN((IF(E62<75,(0),(2+(E62-75)/25))),0)),(ROUNDDOWN(IF((D62+E62)<100,0,2+((D62+E62)-100)/25),0)))))<0,0,(6*F62+2*G62-(H62+2*I62+J62+2*K62)+(ROUNDDOWN((IF(C62<200,(0),(2+(C62-200)/50))),0))+(IF(((ROUNDDOWN((IF(D62<75,(0),(2+(D62-75)/25))),0))+(ROUNDDOWN((IF(E62<75,(0),(2+(E62-75)/25))),0))>(ROUNDDOWN(IF((D62+E62)<100,0,2+((D62+E62)-100)/25),0))),(ROUNDDOWN((IF(D62<75,(0),(2+(D62-75)/25))),0))+(ROUNDDOWN((IF(E62<75,(0),(2+(E62-75)/25))),0)),(ROUNDDOWN(IF((D62+E62)<100,0,2+((D62+E62)-100)/25),0))))))) -> 6
B63: =IF(Rosters!R6="*",Rosters!S6,IF(Rosters!R7="*",Rosters!S7,IF(Rosters!R8="*",Rosters!S8,IF(Rosters!R9="*",Rosters!S9,"")))) -> Quinshon Judkins (CLE) | C63: 0 | D63: 91 | E63: 18 | G63: 1 | M63: =if(C63="", "",IF((6*F63+2*G63-(H63+2*I63+J63+2*K63)+(ROUNDDOWN((IF(C63<200,(0),(2+(C63-200)/50))),0))+(IF(((ROUNDDOWN((IF(D63<75,(0),(2+(D63-75)/25))),0))+(ROUNDDOWN((IF(E63<75,(0),(2+(E63-75)/25))),0))>(ROUNDDOWN(IF((D63+E63)<100,0,2+((D63+E63)-100)/25),0))),(ROUNDDOWN((IF(D63<75,(0),(2+(D63-75)/25))),0))+(ROUNDDOWN((IF(E63<75,(0),(2+(E63-75)/25))),0)),(ROUNDDOWN(IF((D63+E63)<100,0,2+((D63+E63)-100)/25),0)))))<0,0,(6*F63+2*G63-(H63+2*I63+J63+2*K63)+(ROUNDDOWN((IF(C63<200,(0),(2+(C63-200)/50))),0))+(IF(((ROUNDDOWN((IF(D63<75,(0),(2+(D63-75)/25))),0))+(ROUNDDOWN((IF(E63<75,(0),(2+(E63-75)/25))),0))>(ROUNDDOWN(IF((D63+E63)<100,0,2+((D63+E63)-100)/25),0))),(ROUNDDOWN((IF(D63<75,(0),(2+(D63-75)/25))),0))+(ROUNDDOWN((IF(E63<75,(0),(2+(E63-75)/25))),0)),(ROUNDDOWN(IF((D63+E63)<100,0,2+((D63+E63)-100)/25),0))))))) -> 4
B64: =IF(Rosters!R9="*",Rosters!S9,IF(Rosters!R8="*",Rosters!S8,IF(Rosters!R7="*",Rosters!S7,IF(Rosters!R6="*",Rosters!S6,"")))) -> Jaylen Warren (Pit) | C64: 0 | F64: 1 | M64: =if(C64="", "",IF((6*F64+2*G64-(H64+2*I64+J64+2*K64)+(ROUNDDOWN((IF(C64<200,(0),(2+(C64-200)/50))),0))+(IF(((ROUNDDOWN((IF(D64<75,(0),(2+(D64-75)/25))),0))+(ROUNDDOWN((IF(E64<75,(0),(2+(E64-75)/25))),0))>(ROUNDDOWN(IF((D64+E64)<100,0,2+((D64+E64)-100)/25),0))),(ROUNDDOWN((IF(D64<75,(0),(2+(D64-75)/25))),0))+(ROUNDDOWN((IF(E64<75,(0),(2+(E64-75)/25))),0)),(ROUNDDOWN(IF((D64+E64)<100,0,2+((D64+E64)-100)/25),0)))))<0,0,(6*F64+2*G64-(H64+2*I64+J64+2*K64)+(ROUNDDOWN((IF(C64<200,(0),(2+(C64-200)/50))),0))+(IF(((ROUNDDOWN((IF(D64<75,(0),(2+(D64-75)/25))),0))+(ROUNDDOWN((IF(E64<75,(0),(2+(E64-75)/25))),0))>(ROUNDDOWN(IF((D64+E64)<100,0,2+((D64+E64)-100)/25),0))),(ROUNDDOWN((IF(D64<75,(0),(2+(D64-75)/25))),0))+(ROUNDDOWN((IF(E64<75,(0),(2+(E64-75)/25))),0)),(ROUNDDOWN(IF((D64+E64)<100,0,2+((D64+E64)-100)/25),0))))))) -> 6
B65: =IF(Rosters!R11="*",Rosters!S11,IF(Rosters!R12="*",Rosters!S12,IF(Rosters!R13="*",Rosters!S13,IF(Rosters!R14="*",Rosters!S14,"")))) -> Jaxon Smith-Njigba (Sea) | C65: 0 | M65: =if(C65="", "",IF((6*F65+2*G65-(H65+2*I65+J65+2*K65)+(ROUNDDOWN((IF(C65<200,(0),(2+(C65-200)/50))),0))+(IF(((ROUNDDOWN((IF(D65<75,(0),(2+(D65-75)/25))),0))+(ROUNDDOWN((IF(E65<75,(0),(2+(E65-75)/25))),0))>(ROUNDDOWN(IF((D65+E65)<100,0,2+((D65+E65)-100)/25),0))),(ROUNDDOWN((IF(D65<75,(0),(2+(D65-75)/25))),0))+(ROUNDDOWN((IF(E65<75,(0),(2+(E65-75)/25))),0)),(ROUNDDOWN(IF((D65+E65)<100,0,2+((D65+E65)-100)/25),0)))))<0,0,(6*F65+2*G65-(H65+2*I65+J65+2*K65)+(ROUNDDOWN((IF(C65<200,(0),(2+(C65-200)/50))),0))+(IF(((ROUNDDOWN((IF(D65<75,(0),(2+(D65-75)/25))),0))+(ROUNDDOWN((IF(E65<75,(0),(2+(E65-75)/25))),0))>(ROUNDDOWN(IF((D65+E65)<100,0,2+((D65+E65)-100)/25),0))),(ROUNDDOWN((IF(D65<75,(0),(2+(D65-75)/25))),0))+(ROUNDDOWN((IF(E65<75,(0),(2+(E65-75)/25))),0)),(ROUNDDOWN(IF((D65+E65)<100,0,2+((D65+E65)-100)/25),0))))))) -> 0
B66: =IF(Rosters!R14="*",Rosters!S14,IF(Rosters!R13="*",Rosters!S13,IF(Rosters!R12="*",Rosters!S12,IF(Rosters!R11="*",Rosters!S11,"")))) -> Rashee Rice (KC) | C66: 0 | E66: 92 | F66: 2 | M66: =if(C66="", "",IF((6*F66+2*G66-(H66+2*I66+J66+2*K66)+(ROUNDDOWN((IF(C66<200,(0),(2+(C66-200)/50))),0))+(IF(((ROUNDDOWN((IF(D66<75,(0),(2+(D66-75)/25))),0))+(ROUNDDOWN((IF(E66<75,(0),(2+(E66-75)/25))),0))>(ROUNDDOWN(IF((D66+E66)<100,0,2+((D66+E66)-100)/25),0))),(ROUNDDOWN((IF(D66<75,(0),(2+(D66-75)/25))),0))+(ROUNDDOWN((IF(E66<75,(0),(2+(E66-75)/25))),0)),(ROUNDDOWN(IF((D66+E66)<100,0,2+((D66+E66)-100)/25),0)))))<0,0,(6*F66+2*G66-(H66+2*I66+J66+2*K66)+(ROUNDDOWN((IF(C66<200,(0),(2+(C66-200)/50))),0))+(IF(((ROUNDDOWN((IF(D66<75,(0),(2+(D66-75)/25))),0))+(ROUNDDOWN((IF(E66<75,(0),(2+(E66-75)/25))),0))>(ROUNDDOWN(IF((D66+E66)<100,0,2+((D66+E66)-100)/25),0))),(ROUNDDOWN((IF(D66<75,(0),(2+(D66-75)/25))),0))+(ROUNDDOWN((IF(E66<75,(0),(2+(E66-75)/25))),0)),(ROUNDDOWN(IF((D66+E66)<100,0,2+((D66+E66)-100)/25),0))))))) -> 14
B67: =IF(Rosters!R16="*",Rosters!S16,IF(Rosters!R17="*",Rosters!S17,IF(Rosters!R18="*",Rosters!S18,""))) -> Jake Ferguson (Dal) | C67: 0 | M67: =if(C67="", "", IF((6*F67+2*G67-(H67+2*I67+J67+2*K67)+(ROUNDDOWN((IF(C67<200,(0),(2+(C67-200)/50))),0))+(IF(((ROUNDDOWN((IF(D67<50,(0),(2+(D67-50)/25))),0))+(ROUNDDOWN((IF(E67<50,(0),(2+(E67-50)/25))),0))>(ROUNDDOWN(IF((D67+E67)<75,0,2+((D67+E67)-75)/25),0))),(ROUNDDOWN((IF(D67<50,(0),(2+(D67-50)/25))),0))+(ROUNDDOWN((IF(E67<50,(0),(2+(E67-50)/25))),0)),(ROUNDDOWN(IF((D67+E67)<75,0,2+((D67+E67)-75)/25),0)))))<0,0,(6*F67+2*G67-(H67+2*I67+J67+2*K67)+(ROUNDDOWN((IF(C67<200,(0),(2+(C67-200)/50))),0))+(IF(((ROUNDDOWN((IF(D67<50,(0),(2+(D67-50)/25))),0))+(ROUNDDOWN((IF(E67<50,(0),(2+(E67-50)/25))),0))>(ROUNDDOWN(IF((D67+E67)<75,0,2+((D67+E67)-75)/25),0))),(ROUNDDOWN((IF(D67<50,(0),(2+(D67-50)/25))),0))+(ROUNDDOWN((IF(E67<50,(0),(2+(E67-50)/25))),0)),(ROUNDDOWN(IF((D67+E67)<75,0,2+((D67+E67)-75)/25),0))))))) -> 0
C68: FG1 | D68: FG2 | E68: FG3 | F68: FG4 | G68: FG5 | H68: FG6 | I68: FG7 | J68: PAT | K68: FGM | L68: PATM
B69: =IF(Rosters!R21="*",Rosters!S21,IF(Rosters!R20="*",Rosters!S20,"")) -> Jason Myers (Sea) | C69: 35 | D69: 45 | E69: 55 | F69: 55 | J69: 2 | M69: =if(C69="", "", IF((IF(C69<1, 0, IF(C69<30, 1, IF(C69<40, 2, IF(C69<50, 3, 4))))+IF(D69<1, 0, IF(D69<30, 1, IF(D69<40, 2, IF(D69<50, 3, 4))))+IF(E69<1, 0, IF(E69<30, 1, IF(E69<40, 2, IF(E69<50, 3, 4))))+IF(F69<1, 0, IF(F69<30, 1, IF(F69<40, 2, IF(F69<50, 3, 4))))+IF(G69<1, 0, IF(G69<30, 1, IF(G69<40, 2, IF(G69<50, 3, 4))))+IF(H69<1, 0, IF(H69<30, 1, IF(H69<40, 2, IF(H69<50, 3, 4))))+IF(I69<1, 0, IF(I69<30, 1, IF(I69<40, 2, IF(I69<50, 3, 4))))+J69-2*K69-L69)<0, 0, (IF(C69<1, 0, IF(C69<30, 1, IF(C69<40, 2, IF(C69<50, 3, 4))))+IF(D69<1, 0, IF(D69<30, 1, IF(D69<40, 2, IF(D69<50, 3, 4))))+IF(E69<1, 0, IF(E69<30, 1, IF(E69<40, 2, IF(E69<50, 3, 4))))+IF(F69<1, 0, IF(F69<30, 1, IF(F69<40, 2, IF(F69<50, 3, 4))))+IF(G69<1, 0, IF(G69<30, 1, IF(G69<40, 2, IF(G69<50, 3, 4))))+IF(H69<1, 0, IF(H69<30, 1, IF(H69<40, 2, IF(H69<50, 3, 4))))+IF(I69<1, 0, IF(I69<30, 1, IF(I69<40, 2, IF(I69<50, 3, 4))))+J69-2*K69-L69))) -> 15
C70: Pts | D70: Sacks | E70: INT | F70: FumR | G70: TD | H70: Safe | I70: BlkK | J70: BlkPAT
B71: =IF(Rosters!R23="*",Rosters!S23,IF(Rosters!R24="*",Rosters!S24,"")) -> Seattle | C71: 0 | D71: 4 | E71: 4 | F71: 1 | G71: 1 | M71: =if(C71="", "", IF((IF(C71="",0,(IF(C71=0,8,(IF(C71<10,6,(IF(C71<14,4,(IF(C71<18,2,(IF(C71<28,0,(IF(C71<32,-2,(IF(C71<36,-4,-6)))))))))))))))+D71+2*(E71+F71+H71+I71)+4*G71+J71)<0,0,(IF(C71="",0,(IF(C71=0,8,(IF(C71<10,6,(IF(C71<14,4,(IF(C71<18,2,(IF(C71<28,0,(IF(C71<32,-2,(IF(C71<36,-4,-6)))))))))))))))+D71+2*(E71+F71+H71+I71)+4*G71+J71))) -> 26
B73: =IF(Rosters!R27="*",Rosters!S27,IF(Rosters!R26="*",Rosters!S26,"")) -> Todd Bowles (TB) | C73: 4 | M73: =C73 -> 4
A74: Eric/J | B74: =IF(Rosters!C40="*",Rosters!D40,IF(Rosters!C41="*",Rosters!D41,IF(Rosters!C42="*",Rosters!D42,""))) -> Justin Herbert (LAC) | C74: 0 | F74: 2 | H74: 1 | M74: =if(C74="", "",IF((6*F74+2*G74-(H74+2*I74+J74+2*K74)+(ROUNDDOWN((IF(C74<200,(0),(2+(C74-200)/50))),0))+(IF(((ROUNDDOWN((IF(D74<75,(0),(2+(D74-75)/25))),0))+(ROUNDDOWN((IF(E74<75,(0),(2+(E74-75)/25))),0))>(ROUNDDOWN(IF((D74+E74)<100,0,2+((D74+E74)-100)/25),0))),(ROUNDDOWN((IF(D74<75,(0),(2+(D74-75)/25))),0))+(ROUNDDOWN((IF(E74<75,(0),(2+(E74-75)/25))),0)),(ROUNDDOWN(IF((D74+E74)<100,0,2+((D74+E74)-100)/25),0)))))<0,0,(6*F74+2*G74-(H74+2*I74+J74+2*K74)+(ROUNDDOWN((IF(C74<200,(0),(2+(C74-200)/50))),0))+(IF(((ROUNDDOWN((IF(D74<75,(0),(2+(D74-75)/25))),0))+(ROUNDDOWN((IF(E74<75,(0),(2+(E74-75)/25))),0))>(ROUNDDOWN(IF((D74+E74)<100,0,2+((D74+E74)-100)/25),0))),(ROUNDDOWN((IF(D74<75,(0),(2+(D74-75)/25))),0))+(ROUNDDOWN((IF(E74<75,(0),(2+(E74-75)/25))),0)),(ROUNDDOWN(IF((D74+E74)<100,0,2+((D74+E74)-100)/25),0))))))) -> 11
B75: =IF(Rosters!C44="*",Rosters!D44,IF(Rosters!C45="*",Rosters!D45,IF(Rosters!C46="*",Rosters!D46,IF(Rosters!C47="*",Rosters!D47,"")))) -> TreVeyon Henderson (NE) | C75: 0 | M75: =if(C75="", "",IF((6*F75+2*G75-(H75+2*I75+J75+2*K75)+(ROUNDDOWN((IF(C75<200,(0),(2+(C75-200)/50))),0))+(IF(((ROUNDDOWN((IF(D75<75,(0),(2+(D75-75)/25))),0))+(ROUNDDOWN((IF(E75<75,(0),(2+(E75-75)/25))),0))>(ROUNDDOWN(IF((D75+E75)<100,0,2+((D75+E75)-100)/25),0))),(ROUNDDOWN((IF(D75<75,(0),(2+(D75-75)/25))),0))+(ROUNDDOWN((IF(E75<75,(0),(2+(E75-75)/25))),0)),(ROUNDDOWN(IF((D75+E75)<100,0,2+((D75+E75)-100)/25),0)))))<0,0,(6*F75+2*G75-(H75+2*I75+J75+2*K75)+(ROUNDDOWN((IF(C75<200,(0),(2+(C75-200)/50))),0))+(IF(((ROUNDDOWN((IF(D75<75,(0),(2+(D75-75)/25))),0))+(ROUNDDOWN((IF(E75<75,(0),(2+(E75-75)/25))),0))>(ROUNDDOWN(IF((D75+E75)<100,0,2+((D75+E75)-100)/25),0))),(ROUNDDOWN((IF(D75<75,(0),(2+(D75-75)/25))),0))+(ROUNDDOWN((IF(E75<75,(0),(2+(E75-75)/25))),0)),(ROUNDDOWN(IF((D75+E75)<100,0,2+((D75+E75)-100)/25),0))))))) -> 0
B76: =IF(Rosters!C47="*",Rosters!D47,IF(Rosters!C46="*",Rosters!D46,IF(Rosters!C45="*",Rosters!D45,IF(Rosters!C44="*",Rosters!D44,"")))) -> Javonte Williams (Dal) | C76: 0 | F76: 1 | M76: =if(C76="", "",IF((6*F76+2*G76-(H76+2*I76+J76+2*K76)+(ROUNDDOWN((IF(C76<200,(0),(2+(C76-200)/50))),0))+(IF(((ROUNDDOWN((IF(D76<75,(0),(2+(D76-75)/25))),0))+(ROUNDDOWN((IF(E76<75,(0),(2+(E76-75)/25))),0))>(ROUNDDOWN(IF((D76+E76)<100,0,2+((D76+E76)-100)/25),0))),(ROUNDDOWN((IF(D76<75,(0),(2+(D76-75)/25))),0))+(ROUNDDOWN((IF(E76<75,(0),(2+(E76-75)/25))),0)),(ROUNDDOWN(IF((D76+E76)<100,0,2+((D76+E76)-100)/25),0)))))<0,0,(6*F76+2*G76-(H76+2*I76+J76+2*K76)+(ROUNDDOWN((IF(C76<200,(0),(2+(C76-200)/50))),0))+(IF(((ROUNDDOWN((IF(D76<75,(0),(2+(D76-75)/25))),0))+(ROUNDDOWN((IF(E76<75,(0),(2+(E76-75)/25))),0))>(ROUNDDOWN(IF((D76+E76)<100,0,2+((D76+E76)-100)/25),0))),(ROUNDDOWN((IF(D76<75,(0),(2+(D76-75)/25))),0))+(ROUNDDOWN((IF(E76<75,(0),(2+(E76-75)/25))),0)),(ROUNDDOWN(IF((D76+E76)<100,0,2+((D76+E76)-100)/25),0))))))) -> 6
B77: =IF(Rosters!C49="*",Rosters!D49,IF(Rosters!C50="*",Rosters!D50,IF(Rosters!C51="*",Rosters!D51,IF(Rosters!C52="*",Rosters!D52,"")))) -> Nico Collins (Hou) | C77: 0 | E77: 98 | F77: 1 | M77: =if(C77="", "",IF((6*F77+2*G77-(H77+2*I77+J77+2*K77)+(ROUNDDOWN((IF(C77<200,(0),(2+(C77-200)/50))),0))+(IF(((ROUNDDOWN((IF(D77<75,(0),(2+(D77-75)/25))),0))+(ROUNDDOWN((IF(E77<75,(0),(2+(E77-75)/25))),0))>(ROUNDDOWN(IF((D77+E77)<100,0,2+((D77+E77)-100)/25),0))),(ROUNDDOWN((IF(D77<75,(0),(2+(D77-75)/25))),0))+(ROUNDDOWN((IF(E77<75,(0),(2+(E77-75)/25))),0)),(ROUNDDOWN(IF((D77+E77)<100,0,2+((D77+E77)-100)/25),0)))))<0,0,(6*F77+2*G77-(H77+2*I77+J77+2*K77)+(ROUNDDOWN((IF(C77<200,(0),(2+(C77-200)/50))),0))+(IF(((ROUNDDOWN((IF(D77<75,(0),(2+(D77-75)/25))),0))+(ROUNDDOWN((IF(E77<75,(0),(2+(E77-75)/25))),0))>(ROUNDDOWN(IF((D77+E77)<100,0,2+((D77+E77)-100)/25),0))),(ROUNDDOWN((IF(D77<75,(0),(2+(D77-75)/25))),0))+(ROUNDDOWN((IF(E77<75,(0),(2+(E77-75)/25))),0)),(ROUNDDOWN(IF((D77+E77)<100,0,2+((D77+E77)-100)/25),0))))))) -> 8
B78: =IF(Rosters!C52="*",Rosters!D52,IF(Rosters!C51="*",Rosters!D51,IF(Rosters!C50="*",Rosters!D50,IF(Rosters!C49="*",Rosters!D49,"")))) -> Khalil Shakir (Buf) | C78: 0 | M78: =if(C78="", "",IF((6*F78+2*G78-(H78+2*I78+J78+2*K78)+(ROUNDDOWN((IF(C78<200,(0),(2+(C78-200)/50))),0))+(IF(((ROUNDDOWN((IF(D78<75,(0),(2+(D78-75)/25))),0))+(ROUNDDOWN((IF(E78<75,(0),(2+(E78-75)/25))),0))>(ROUNDDOWN(IF((D78+E78)<100,0,2+((D78+E78)-100)/25),0))),(ROUNDDOWN((IF(D78<75,(0),(2+(D78-75)/25))),0))+(ROUNDDOWN((IF(E78<75,(0),(2+(E78-75)/25))),0)),(ROUNDDOWN(IF((D78+E78)<100,0,2+((D78+E78)-100)/25),0)))))<0,0,(6*F78+2*G78-(H78+2*I78+J78+2*K78)+(ROUNDDOWN((IF(C78<200,(0),(2+(C78-200)/50))),0))+(IF(((ROUNDDOWN((IF(D78<75,(0),(2+(D78-75)/25))),0))+(ROUNDDOWN((IF(E78<75,(0),(2+(E78-75)/25))),0))>(ROUNDDOWN(IF((D78+E78)<100,0,2+((D78+E78)-100)/25),0))),(ROUNDDOWN((IF(D78<75,(0),(2+(D78-75)/25))),0))+(ROUNDDOWN((IF(E78<75,(0),(2+(E78-75)/25))),0)),(ROUNDDOWN(IF((D78+E78)<100,0,2+((D78+E78)-100)/25),0))))))) -> 0
B79: =IF(Rosters!C54="*",Rosters!D54,IF(Rosters!C55="*",Rosters!D55,IF(Rosters!C56="*",Rosters!D56,""))) -> Hunter Henry (NE) | C79: 0 | E79: 73 | M79: =if(C79="", "", IF((6*F79+2*G79-(H79+2*I79+J79+2*K79)+(ROUNDDOWN((IF(C79<200,(0),(2+(C79-200)/50))),0))+(IF(((ROUNDDOWN((IF(D79<50,(0),(2+(D79-50)/25))),0))+(ROUNDDOWN((IF(E79<50,(0),(2+(E79-50)/25))),0))>(ROUNDDOWN(IF((D79+E79)<75,0,2+((D79+E79)-75)/25),0))),(ROUNDDOWN((IF(D79<50,(0),(2+(D79-50)/25))),0))+(ROUNDDOWN((IF(E79<50,(0),(2+(E79-50)/25))),0)),(ROUNDDOWN(IF((D79+E79)<75,0,2+((D79+E79)-75)/25),0)))))<0,0,(6*F79+2*G79-(H79+2*I79+J79+2*K79)+(ROUNDDOWN((IF(C79<200,(0),(2+(C79-200)/50))),0))+(IF(((ROUNDDOWN((IF(D79<50,(0),(2+(D79-50)/25))),0))+(ROUNDDOWN((IF(E79<50,(0),(2+(E79-50)/25))),0))>(ROUNDDOWN(IF((D79+E79)<75,0,2+((D79+E79)-75)/25),0))),(ROUNDDOWN((IF(D79<50,(0),(2+(D79-50)/25))),0))+(ROUNDDOWN((IF(E79<50,(0),(2+(E79-50)/25))),0)),(ROUNDDOWN(IF((D79+E79)<75,0,2+((D79+E79)-75)/25),0))))))) -> 2
C80: FG1 | D80: FG2 | E80: FG3 | F80: FG4 | G80: FG5 | H80: FG6 | I80: FG7 | J80: PAT | K80: FGM | L80: PATM
B81: =IF(Rosters!C58="*",Rosters!D58,IF(Rosters!C59="*",Rosters!D59,"")) -> Evan McPherson (Cin) | C81: 25 | D81: 35 | E81: 35 | F81: 45 | G81: 45 | H81: 55 | J81: 2 | M81: =if(C81="", "", IF((IF(C81<1, 0, IF(C81<30, 1, IF(C81<40, 2, IF(C81<50, 3, 4))))+IF(D81<1, 0, IF(D81<30, 1, IF(D81<40, 2, IF(D81<50, 3, 4))))+IF(E81<1, 0, IF(E81<30, 1, IF(E81<40, 2, IF(E81<50, 3, 4))))+IF(F81<1, 0, IF(F81<30, 1, IF(F81<40, 2, IF(F81<50, 3, 4))))+IF(G81<1, 0, IF(G81<30, 1, IF(G81<40, 2, IF(G81<50, 3, 4))))+IF(H81<1, 0, IF(H81<30, 1, IF(H81<40, 2, IF(H81<50, 3, 4))))+IF(I81<1, 0, IF(I81<30, 1, IF(I81<40, 2, IF(I81<50, 3, 4))))+J81-2*K81-L81)<0, 0, (IF(C81<1, 0, IF(C81<30, 1, IF(C81<40, 2, IF(C81<50, 3, 4))))+IF(D81<1, 0, IF(D81<30, 1, IF(D81<40, 2, IF(D81<50, 3, 4))))+IF(E81<1, 0, IF(E81<30, 1, IF(E81<40, 2, IF(E81<50, 3, 4))))+IF(F81<1, 0, IF(F81<30, 1, IF(F81<40, 2, IF(F81<50, 3, 4))))+IF(G81<1, 0, IF(G81<30, 1, IF(G81<40, 2, IF(G81<50, 3, 4))))+IF(H81<1, 0, IF(H81<30, 1, IF(H81<40, 2, IF(H81<50, 3, 4))))+IF(I81<1, 0, IF(I81<30, 1, IF(I81<40, 2, IF(I81<50, 3, 4))))+J81-2*K81-L81))) -> 17
C82: Pts | D82: Sacks | E82: INT | F82: FumR | G82: TD | H82: Safe | I82: BlkK | J82: BlkPAT
B83: =IF(Rosters!C62="*",Rosters!D62,IF(Rosters!C61="*",Rosters!D61,"")) -> Atlanta | C83: 27 | D83: 2 | M83: =if(C83="", "", IF((IF(C83="",0,(IF(C83=0,8,(IF(C83<10,6,(IF(C83<14,4,(IF(C83<18,2,(IF(C83<28,0,(IF(C83<32,-2,(IF(C83<36,-4,-6)))))))))))))))+D83+2*(E83+F83+H83+I83)+4*G83+J83)<0,0,(IF(C83="",0,(IF(C83=0,8,(IF(C83<10,6,(IF(C83<14,4,(IF(C83<18,2,(IF(C83<28,0,(IF(C83<32,-2,(IF(C83<36,-4,-6)))))))))))))))+D83+2*(E83+F83+H83+I83)+4*G83+J83))) -> 2
B85: =IF(Rosters!C64="*",Rosters!D64,IF(Rosters!C65="*",Rosters!D65,"")) -> Mike Macdonald (Sea) | C85: 4 | M85: =C85 -> 4
A86: Andrew | B86: =IF(Rosters!F40="*",Rosters!G40,IF(Rosters!F41="*",Rosters!G41,IF(Rosters!F42="*",Rosters!G42,""))) -> Trevor Lawrence (Jax) | C86: 229 | F86: 2 | G86: 1 | M86: =if(C86="", "",IF((6*F86+2*G86-(H86+2*I86+J86+2*K86)+(ROUNDDOWN((IF(C86<200,(0),(2+(C86-200)/50))),0))+(IF(((ROUNDDOWN((IF(D86<75,(0),(2+(D86-75)/25))),0))+(ROUNDDOWN((IF(E86<75,(0),(2+(E86-75)/25))),0))>(ROUNDDOWN(IF((D86+E86)<100,0,2+((D86+E86)-100)/25),0))),(ROUNDDOWN((IF(D86<75,(0),(2+(D86-75)/25))),0))+(ROUNDDOWN((IF(E86<75,(0),(2+(E86-75)/25))),0)),(ROUNDDOWN(IF((D86+E86)<100,0,2+((D86+E86)-100)/25),0)))))<0,0,(6*F86+2*G86-(H86+2*I86+J86+2*K86)+(ROUNDDOWN((IF(C86<200,(0),(2+(C86-200)/50))),0))+(IF(((ROUNDDOWN((IF(D86<75,(0),(2+(D86-75)/25))),0))+(ROUNDDOWN((IF(E86<75,(0),(2+(E86-75)/25))),0))>(ROUNDDOWN(IF((D86+E86)<100,0,2+((D86+E86)-100)/25),0))),(ROUNDDOWN((IF(D86<75,(0),(2+(D86-75)/25))),0))+(ROUNDDOWN((IF(E86<75,(0),(2+(E86-75)/25))),0)),(ROUNDDOWN(IF((D86+E86)<100,0,2+((D86+E86)-100)/25),0))))))) -> 16
B87: =IF(Rosters!F44="*",Rosters!G44,IF(Rosters!F45="*",Rosters!G45,IF(Rosters!F46="*",Rosters!G46,IF(Rosters!F47="*",Rosters!G47,"")))) -> Kenneth Walker III (Sea) | C87: 0 | M87: =if(C87="", "",IF((6*F87+2*G87-(H87+2*I87+J87+2*K87)+(ROUNDDOWN((IF(C87<200,(0),(2+(C87-200)/50))),0))+(IF(((ROUNDDOWN((IF(D87<75,(0),(2+(D87-75)/25))),0))+(ROUNDDOWN((IF(E87<75,(0),(2+(E87-75)/25))),0))>(ROUNDDOWN(IF((D87+E87)<100,0,2+((D87+E87)-100)/25),0))),(ROUNDDOWN((IF(D87<75,(0),(2+(D87-75)/25))),0))+(ROUNDDOWN((IF(E87<75,(0),(2+(E87-75)/25))),0)),(ROUNDDOWN(IF((D87+E87)<100,0,2+((D87+E87)-100)/25),0)))))<0,0,(6*F87+2*G87-(H87+2*I87+J87+2*K87)+(ROUNDDOWN((IF(C87<200,(0),(2+(C87-200)/50))),0))+(IF(((ROUNDDOWN((IF(D87<75,(0),(2+(D87-75)/25))),0))+(ROUNDDOWN((IF(E87<75,(0),(2+(E87-75)/25))),0))>(ROUNDDOWN(IF((D87+E87)<100,0,2+((D87+E87)-100)/25),0))),(ROUNDDOWN((IF(D87<75,(0),(2+(D87-75)/25))),0))+(ROUNDDOWN((IF(E87<75,(0),(2+(E87-75)/25))),0)),(ROUNDDOWN(IF((D87+E87)<100,0,2+((D87+E87)-100)/25),0))))))) -> 0
B88: =IF(Rosters!F47="*",Rosters!G47,IF(Rosters!F46="*",Rosters!G46,IF(Rosters!F45="*",Rosters!G45,IF(Rosters!F44="*",Rosters!G44,"")))) -> David Montgomery (Det) | C88: 0 | F88: 1 | M88: =if(C88="", "",IF((6*F88+2*G88-(H88+2*I88+J88+2*K88)+(ROUNDDOWN((IF(C88<200,(0),(2+(C88-200)/50))),0))+(IF(((ROUNDDOWN((IF(D88<75,(0),(2+(D88-75)/25))),0))+(ROUNDDOWN((IF(E88<75,(0),(2+(E88-75)/25))),0))>(ROUNDDOWN(IF((D88+E88)<100,0,2+((D88+E88)-100)/25),0))),(ROUNDDOWN((IF(D88<75,(0),(2+(D88-75)/25))),0))+(ROUNDDOWN((IF(E88<75,(0),(2+(E88-75)/25))),0)),(ROUNDDOWN(IF((D88+E88)<100,0,2+((D88+E88)-100)/25),0)))))<0,0,(6*F88+2*G88-(H88+2*I88+J88+2*K88)+(ROUNDDOWN((IF(C88<200,(0),(2+(C88-200)/50))),0))+(IF(((ROUNDDOWN((IF(D88<75,(0),(2+(D88-75)/25))),0))+(ROUNDDOWN((IF(E88<75,(0),(2+(E88-75)/25))),0))>(ROUNDDOWN(IF((D88+E88)<100,0,2+((D88+E88)-100)/25),0))),(ROUNDDOWN((IF(D88<75,(0),(2+(D88-75)/25))),0))+(ROUNDDOWN((IF(E88<75,(0),(2+(E88-75)/25))),0)),(ROUNDDOWN(IF((D88+E88)<100,0,2+((D88+E88)-100)/25),0))))))) -> 6
B89: =IF(Rosters!F49="*",Rosters!G49,IF(Rosters!F50="*",Rosters!G50,IF(Rosters!F51="*",Rosters!G51,IF(Rosters!F52="*",Rosters!G52,"")))) -> Ladd McConkey (LAC) | C89: 0 | F89: 1 | M89: =if(C89="", "",IF((6*F89+2*G89-(H89+2*I89+J89+2*K89)+(ROUNDDOWN((IF(C89<200,(0),(2+(C89-200)/50))),0))+(IF(((ROUNDDOWN((IF(D89<75,(0),(2+(D89-75)/25))),0))+(ROUNDDOWN((IF(E89<75,(0),(2+(E89-75)/25))),0))>(ROUNDDOWN(IF((D89+E89)<100,0,2+((D89+E89)-100)/25),0))),(ROUNDDOWN((IF(D89<75,(0),(2+(D89-75)/25))),0))+(ROUNDDOWN((IF(E89<75,(0),(2+(E89-75)/25))),0)),(ROUNDDOWN(IF((D89+E89)<100,0,2+((D89+E89)-100)/25),0)))))<0,0,(6*F89+2*G89-(H89+2*I89+J89+2*K89)+(ROUNDDOWN((IF(C89<200,(0),(2+(C89-200)/50))),0))+(IF(((ROUNDDOWN((IF(D89<75,(0),(2+(D89-75)/25))),0))+(ROUNDDOWN((IF(E89<75,(0),(2+(E89-75)/25))),0))>(ROUNDDOWN(IF((D89+E89)<100,0,2+((D89+E89)-100)/25),0))),(ROUNDDOWN((IF(D89<75,(0),(2+(D89-75)/25))),0))+(ROUNDDOWN((IF(E89<75,(0),(2+(E89-75)/25))),0)),(ROUNDDOWN(IF((D89+E89)<100,0,2+((D89+E89)-100)/25),0))))))) -> 6
B90: =IF(Rosters!F52="*",Rosters!G52,IF(Rosters!F51="*",Rosters!G51,IF(Rosters!F50="*",Rosters!G50,IF(Rosters!F49="*",Rosters!G49,"")))) -> Jaylen Waddle (Mia) | C90: 0 | M90: =if(C90="", "",IF((6*F90+2*G90-(H90+2*I90+J90+2*K90)+(ROUNDDOWN((IF(C90<200,(0),(2+(C90-200)/50))),0))+(IF(((ROUNDDOWN((IF(D90<75,(0),(2+(D90-75)/25))),0))+(ROUNDDOWN((IF(E90<75,(0),(2+(E90-75)/25))),0))>(ROUNDDOWN(IF((D90+E90)<100,0,2+((D90+E90)-100)/25),0))),(ROUNDDOWN((IF(D90<75,(0),(2+(D90-75)/25))),0))+(ROUNDDOWN((IF(E90<75,(0),(2+(E90-75)/25))),0)),(ROUNDDOWN(IF((D90+E90)<100,0,2+((D90+E90)-100)/25),0)))))<0,0,(6*F90+2*G90-(H90+2*I90+J90+2*K90)+(ROUNDDOWN((IF(C90<200,(0),(2+(C90-200)/50))),0))+(IF(((ROUNDDOWN((IF(D90<75,(0),(2+(D90-75)/25))),0))+(ROUNDDOWN((IF(E90<75,(0),(2+(E90-75)/25))),0))>(ROUNDDOWN(IF((D90+E90)<100,0,2+((D90+E90)-100)/25),0))),(ROUNDDOWN((IF(D90<75,(0),(2+(D90-75)/25))),0))+(ROUNDDOWN((IF(E90<75,(0),(2+(E90-75)/25))),0)),(ROUNDDOWN(IF((D90+E90)<100,0,2+((D90+E90)-100)/25),0))))))) -> 0
B91: =IF(Rosters!F54="*",Rosters!G54,IF(Rosters!F55="*",Rosters!G55,IF(Rosters!F56="*",Rosters!G56,""))) -> Trey McBride (Arz) | C91: 0 | E91: 82 | F91: 1 | M91: =if(C91="", "", IF((6*F91+2*G91-(H91+2*I91+J91+2*K91)+(ROUNDDOWN((IF(C91<200,(0),(2+(C91-200)/50))),0))+(IF(((ROUNDDOWN((IF(D91<50,(0),(2+(D91-50)/25))),0))+(ROUNDDOWN((IF(E91<50,(0),(2+(E91-50)/25))),0))>(ROUNDDOWN(IF((D91+E91)<75,0,2+((D91+E91)-75)/25),0))),(ROUNDDOWN((IF(D91<50,(0),(2+(D91-50)/25))),0))+(ROUNDDOWN((IF(E91<50,(0),(2+(E91-50)/25))),0)),(ROUNDDOWN(IF((D91+E91)<75,0,2+((D91+E91)-75)/25),0)))))<0,0,(6*F91+2*G91-(H91+2*I91+J91+2*K91)+(ROUNDDOWN((IF(C91<200,(0),(2+(C91-200)/50))),0))+(IF(((ROUNDDOWN((IF(D91<50,(0),(2+(D91-50)/25))),0))+(ROUNDDOWN((IF(E91<50,(0),(2+(E91-50)/25))),0))>(ROUNDDOWN(IF((D91+E91)<75,0,2+((D91+E91)-75)/25),0))),(ROUNDDOWN((IF(D91<50,(0),(2+(D91-50)/25))),0))+(ROUNDDOWN((IF(E91<50,(0),(2+(E91-50)/25))),0)),(ROUNDDOWN(IF((D91+E91)<75,0,2+((D91+E91)-75)/25),0))))))) -> 9
C92: FG1 | D92: FG2 | E92: FG3 | F92: FG4 | G92: FG5 | H92: FG6 | I92: FG7 | J92: PAT | K92: FGM | L92: PATM
B93: =IF(Rosters!F58="*",Rosters!G58,IF(Rosters!F59="*",Rosters!G59,"")) -> Daniel Carlson (LV) | C93: 0 | J93: 2 | M93: =if(C93="", "", IF((IF(C93<1, 0, IF(C93<30, 1, IF(C93<40, 2, IF(C93<50, 3, 4))))+IF(D93<1, 0, IF(D93<30, 1, IF(D93<40, 2, IF(D93<50, 3, 4))))+IF(E93<1, 0, IF(E93<30, 1, IF(E93<40, 2, IF(E93<50, 3, 4))))+IF(F93<1, 0, IF(F93<30, 1, IF(F93<40, 2, IF(F93<50, 3, 4))))+IF(G93<1, 0, IF(G93<30, 1, IF(G93<40, 2, IF(G93<50, 3, 4))))+IF(H93<1, 0, IF(H93<30, 1, IF(H93<40, 2, IF(H93<50, 3, 4))))+IF(I93<1, 0, IF(I93<30, 1, IF(I93<40, 2, IF(I93<50, 3, 4))))+J93-2*K93-L93)<0, 0, (IF(C93<1, 0, IF(C93<30, 1, IF(C93<40, 2, IF(C93<50, 3, 4))))+IF(D93<1, 0, IF(D93<30, 1, IF(D93<40, 2, IF(D93<50, 3, 4))))+IF(E93<1, 0, IF(E93<30, 1, IF(E93<40, 2, IF(E93<50, 3, 4))))+IF(F93<1, 0, IF(F93<30, 1, IF(F93<40, 2, IF(F93<50, 3, 4))))+IF(G93<1, 0, IF(G93<30, 1, IF(G93<40, 2, IF(G93<50, 3, 4))))+IF(H93<1, 0, IF(H93<30, 1, IF(H93<40, 2, IF(H93<50, 3, 4))))+IF(I93<1, 0, IF(I93<30, 1, IF(I93<40, 2, IF(I93<50, 3, 4))))+J93-2*K93-L93))) -> 2
C94: Pts | D94: Sacks | E94: INT | F94: FumR | G94: TD | H94: Safe | I94: BlkK | J94: BlkPAT
B95: =IF(Rosters!F62="*",Rosters!G62,IF(Rosters!F61="*",Rosters!G61,"")) -> Minnesota | C95: 26 | D95: 4 | F95: 2 | M95: =if(C95="", "", IF((IF(C95="",0,(IF(C95=0,8,(IF(C95<10,6,(IF(C95<14,4,(IF(C95<18,2,(IF(C95<28,0,(IF(C95<32,-2,(IF(C95<36,-4,-6)))))))))))))))+D95+2*(E95+F95+H95+I95)+4*G95+J95)<0,0,(IF(C95="",0,(IF(C95=0,8,(IF(C95<10,6,(IF(C95<14,4,(IF(C95<18,2,(IF(C95<28,0,(IF(C95<32,-2,(IF(C95<36,-4,-6)))))))))))))))+D95+2*(E95+F95+H95+I95)+4*G95+J95))) -> 8
B97: =IF(Rosters!F64="*",Rosters!G64,IF(Rosters!F65="*",Rosters!G65,"")) | C97: 0 | M97: =C97 -> 0
A98: Wes/B | B98: =IF(Rosters!I40="*",Rosters!J40,IF(Rosters!I41="*",Rosters!J41,IF(Rosters!I42="*",Rosters!J42,""))) -> Joe Burrow (Cin) | C98: 261 | F98: 2 | M98: =if(C98="", "",IF((6*F98+2*G98-(H98+2*I98+J98+2*K98)+(ROUNDDOWN((IF(C98<200,(0),(2+(C98-200)/50))),0))+(IF(((ROUNDDOWN((IF(D98<75,(0),(2+(D98-75)/25))),0))+(ROUNDDOWN((IF(E98<75,(0),(2+(E98-75)/25))),0))>(ROUNDDOWN(IF((D98+E98)<100,0,2+((D98+E98)-100)/25),0))),(ROUNDDOWN((IF(D98<75,(0),(2+(D98-75)/25))),0))+(ROUNDDOWN((IF(E98<75,(0),(2+(E98-75)/25))),0)),(ROUNDDOWN(IF((D98+E98)<100,0,2+((D98+E98)-100)/25),0)))))<0,0,(6*F98+2*G98-(H98+2*I98+J98+2*K98)+(ROUNDDOWN((IF(C98<200,(0),(2+(C98-200)/50))),0))+(IF(((ROUNDDOWN((IF(D98<75,(0),(2+(D98-75)/25))),0))+(ROUNDDOWN((IF(E98<75,(0),(2+(E98-75)/25))),0))>(ROUNDDOWN(IF((D98+E98)<100,0,2+((D98+E98)-100)/25),0))),(ROUNDDOWN((IF(D98<75,(0),(2+(D98-75)/25))),0))+(ROUNDDOWN((IF(E98<75,(0),(2+(E98-75)/25))),0)),(ROUNDDOWN(IF((D98+E98)<100,0,2+((D98+E98)-100)/25),0))))))) -> 15
B99: =IF(Rosters!I44="*",Rosters!J44,IF(Rosters!I45="*",Rosters!J45,IF(Rosters!I46="*",Rosters!J46,IF(Rosters!I47="*",Rosters!J47,"")))) -> Bijan Robinson (Atl) | C99: 0 | D99: 142 | E99: 51 | F99: 1 | M99: =if(C99="", "",IF((6*F99+2*G99-(H99+2*I99+J99+2*K99)+(ROUNDDOWN((IF(C99<200,(0),(2+(C99-200)/50))),0))+(IF(((ROUNDDOWN((IF(D99<75,(0),(2+(D99-75)/25))),0))+(ROUNDDOWN((IF(E99<75,(0),(2+(E99-75)/25))),0))>(ROUNDDOWN(IF((D99+E99)<100,0,2+((D99+E99)-100)/25),0))),(ROUNDDOWN((IF(D99<75,(0),(2+(D99-75)/25))),0))+(ROUNDDOWN((IF(E99<75,(0),(2+(E99-75)/25))),0)),(ROUNDDOWN(IF((D99+E99)<100,0,2+((D99+E99)-100)/25),0)))))<0,0,(6*F99+2*G99-(H99+2*I99+J99+2*K99)+(ROUNDDOWN((IF(C99<200,(0),(2+(C99-200)/50))),0))+(IF(((ROUNDDOWN((IF(D99<75,(0),(2+(D99-75)/25))),0))+(ROUNDDOWN((IF(E99<75,(0),(2+(E99-75)/25))),0))>(ROUNDDOWN(IF((D99+E99)<100,0,2+((D99+E99)-100)/25),0))),(ROUNDDOWN((IF(D99<75,(0),(2+(D99-75)/25))),0))+(ROUNDDOWN((IF(E99<75,(0),(2+(E99-75)/25))),0)),(ROUNDDOWN(IF((D99+E99)<100,0,2+((D99+E99)-100)/25),0))))))) -> 11
B100: =IF(Rosters!I47="*",Rosters!J47,IF(Rosters!I46="*",Rosters!J46,IF(Rosters!I45="*",Rosters!J45,IF(Rosters!I44="*",Rosters!J44,"")))) -> James Cook (Buf) | C100: 0 | D100: 144 | E100: 33 | J100: 1 | M100: =if(C100="", "",IF((6*F100+2*G100-(H100+2*I100+J100+2*K100)+(ROUNDDOWN((IF(C100<200,(0),(2+(C100-200)/50))),0))+(IF(((ROUNDDOWN((IF(D100<75,(0),(2+(D100-75)/25))),0))+(ROUNDDOWN((IF(E100<75,(0),(2+(E100-75)/25))),0))>(ROUNDDOWN(IF((D100+E100)<100,0,2+((D100+E100)-100)/25),0))),(ROUNDDOWN((IF(D100<75,(0),(2+(D100-75)/25))),0))+(ROUNDDOWN((IF(E100<75,(0),(2+(E100-75)/25))),0)),(ROUNDDOWN(IF((D100+E100)<100,0,2+((D100+E100)-100)/25),0)))))<0,0,(6*F100+2*G100-(H100+2*I100+J100+2*K100)+(ROUNDDOWN((IF(C100<200,(0),(2+(C100-200)/50))),0))+(IF(((ROUNDDOWN((IF(D100<75,(0),(2+(D100-75)/25))),0))+(ROUNDDOWN((IF(E100<75,(0),(2+(E100-75)/25))),0))>(ROUNDDOWN(IF((D100+E100)<100,0,2+((D100+E100)-100)/25),0))),(ROUNDDOWN((IF(D100<75,(0),(2+(D100-75)/25))),0))+(ROUNDDOWN((IF(E100<75,(0),(2+(E100-75)/25))),0)),(ROUNDDOWN(IF((D100+E100)<100,0,2+((D100+E100)-100)/25),0))))))) -> 4
B101: =IF(Rosters!I49="*",Rosters!J49,IF(Rosters!I50="*",Rosters!J50,IF(Rosters!I51="*",Rosters!J51,IF(Rosters!I52="*",Rosters!J52,"")))) -> Brian Thomas Jr. (Jax) | C101: 0 | M101: =if(C101="", "",IF((6*F101+2*G101-(H101+2*I101+J101+2*K101)+(ROUNDDOWN((IF(C101<200,(0),(2+(C101-200)/50))),0))+(IF(((ROUNDDOWN((IF(D101<75,(0),(2+(D101-75)/25))),0))+(ROUNDDOWN((IF(E101<75,(0),(2+(E101-75)/25))),0))>(ROUNDDOWN(IF((D101+E101)<100,0,2+((D101+E101)-100)/25),0))),(ROUNDDOWN((IF(D101<75,(0),(2+(D101-75)/25))),0))+(ROUNDDOWN((IF(E101<75,(0),(2+(E101-75)/25))),0)),(ROUNDDOWN(IF((D101+E101)<100,0,2+((D101+E101)-100)/25),0)))))<0,0,(6*F101+2*G101-(H101+2*I101+J101+2*K101)+(ROUNDDOWN((IF(C101<200,(0),(2+(C101-200)/50))),0))+(IF(((ROUNDDOWN((IF(D101<75,(0),(2+(D101-75)/25))),0))+(ROUNDDOWN((IF(E101<75,(0),(2+(E101-75)/25))),0))>(ROUNDDOWN(IF((D101+E101)<100,0,2+((D101+E101)-100)/25),0))),(ROUNDDOWN((IF(D101<75,(0),(2+(D101-75)/25))),0))+(ROUNDDOWN((IF(E101<75,(0),(2+(E101-75)/25))),0)),(ROUNDDOWN(IF((D101+E101)<100,0,2+((D101+E101)-100)/25),0))))))) -> 0
B102: =IF(Rosters!I52="*",Rosters!J52,IF(Rosters!I51="*",Rosters!J51,IF(Rosters!I50="*",Rosters!J50,IF(Rosters!I49="*",Rosters!J49,"")))) -> A.J. Brown (PHI) | C102: 0 | E102: 132 | F102: 2 | M102: =if(C102="", "",IF((6*F102+2*G102-(H102+2*I102+J102+2*K102)+(ROUNDDOWN((IF(C102<200,(0),(2+(C102-200)/50))),0))+(IF(((ROUNDDOWN((IF(D102<75,(0),(2+(D102-75)/25))),0))+(ROUNDDOWN((IF(E102<75,(0),(2+(E102-75)/25))),0))>(ROUNDDOWN(IF((D102+E102)<100,0,2+((D102+E102)-100)/25),0))),(ROUNDDOWN((IF(D102<75,(0),(2+(D102-75)/25))),0))+(ROUNDDOWN((IF(E102<75,(0),(2+(E102-75)/25))),0)),(ROUNDDOWN(IF((D102+E102)<100,0,2+((D102+E102)-100)/25),0)))))<0,0,(6*F102+2*G102-(H102+2*I102+J102+2*K102)+(ROUNDDOWN((IF(C102<200,(0),(2+(C102-200)/50))),0))+(IF(((ROUNDDOWN((IF(D102<75,(0),(2+(D102-75)/25))),0))+(ROUNDDOWN((IF(E102<75,(0),(2+(E102-75)/25))),0))>(ROUNDDOWN(IF((D102+E102)<100,0,2+((D102+E102)-100)/25),0))),(ROUNDDOWN((IF(D102<75,(0),(2+(D102-75)/25))),0))+(ROUNDDOWN((IF(E102<75,(0),(2+(E102-75)/25))),0)),(ROUNDDOWN(IF((D102+E102)<100,0,2+((D102+E102)-100)/25),0))))))) -> 16
B103: =IF(Rosters!I54="*",Rosters!J54,IF(Rosters!I55="*",Rosters!J55,IF(Rosters!I56="*",Rosters!J56,""))) -> Brock Bowers (LV) | C103: 0 | E103: 63 | F103: 2 | M103: =if(C103="", "", IF((6*F103+2*G103-(H103+2*I103+J103+2*K103)+(ROUNDDOWN((IF(C103<200,(0),(2+(C103-200)/50))),0))+(IF(((ROUNDDOWN((IF(D103<50,(0),(2+(D103-50)/25))),0))+(ROUNDDOWN((IF(E103<50,(0),(2+(E103-50)/25))),0))>(ROUNDDOWN(IF((D103+E103)<75,0,2+((D103+E103)-75)/25),0))),(ROUNDDOWN((IF(D103<50,(0),(2+(D103-50)/25))),0))+(ROUNDDOWN((IF(E103<50,(0),(2+(E103-50)/25))),0)),(ROUNDDOWN(IF((D103+E103)<75,0,2+((D103+E103)-75)/25),0)))))<0,0,(6*F103+2*G103-(H103+2*I103+J103+2*K103)+(ROUNDDOWN((IF(C103<200,(0),(2+(C103-200)/50))),0))+(IF(((ROUNDDOWN((IF(D103<50,(0),(2+(D103-50)/25))),0))+(ROUNDDOWN((IF(E103<50,(0),(2+(E103-50)/25))),0))>(ROUNDDOWN(IF((D103+E103)<75,0,2+((D103+E103)-75)/25),0))),(ROUNDDOWN((IF(D103<50,(0),(2+(D103-50)/25))),0))+(ROUNDDOWN((IF(E103<50,(0),(2+(E103-50)/25))),0)),(ROUNDDOWN(IF((D103+E103)<75,0,2+((D103+E103)-75)/25),0))))))) -> 14
C104: FG1 | D104: FG2 | E104: FG3 | F104: FG4 | G104: FG5 | H104: FG6 | I104: FG7 | J104: PAT | K104: FGM | L104: PATM
B105: =IF(Rosters!I58="*",Rosters!J58,IF(Rosters!I59="*",Rosters!J59,"")) -> Jake Bates (Det) | C105: 35 | J105: 3 | M105: =if(C105="", "", IF((IF(C105<1, 0, IF(C105<30, 1, IF(C105<40, 2, IF(C105<50, 3, 4))))+IF(D105<1, 0, IF(D105<30, 1, IF(D105<40, 2, IF(D105<50, 3, 4))))+IF(E105<1, 0, IF(E105<30, 1, IF(E105<40, 2, IF(E105<50, 3, 4))))+IF(F105<1, 0, IF(F105<30, 1, IF(F105<40, 2, IF(F105<50, 3, 4))))+IF(G105<1, 0, IF(G105<30, 1, IF(G105<40, 2, IF(G105<50, 3, 4))))+IF(H105<1, 0, IF(H105<30, 1, IF(H105<40, 2, IF(H105<50, 3, 4))))+IF(I105<1, 0, IF(I105<30, 1, IF(I105<40, 2, IF(I105<50, 3, 4))))+J105-2*K105-L105)<0, 0, (IF(C105<1, 0, IF(C105<30, 1, IF(C105<40, 2, IF(C105<50, 3, 4))))+IF(D105<1, 0, IF(D105<30, 1, IF(D105<40, 2, IF(D105<50, 3, 4))))+IF(E105<1, 0, IF(E105<30, 1, IF(E105<40, 2, IF(E105<50, 3, 4))))+IF(F105<1, 0, IF(F105<30, 1, IF(F105<40, 2, IF(F105<50, 3, 4))))+IF(G105<1, 0, IF(G105<30, 1, IF(G105<40, 2, IF(G105<50, 3, 4))))+IF(H105<1, 0, IF(H105<30, 1, IF(H105<40, 2, IF(H105<50, 3, 4))))+IF(I105<1, 0, IF(I105<30, 1, IF(I105<40, 2, IF(I105<50, 3, 4))))+J105-2*K105-L105))) -> 5
C106: Pts | D106: Sacks | E106: INT | F106: FumR | G106: TD | H106: Safe | I106: BlkK | J106: BlkPAT
B107: =IF(Rosters!I62="*",Rosters!J62,IF(Rosters!I61="*",Rosters!J61,"")) -> Indianapolis | C107: 20 | D107: 2 | E107: 1 | M107: =if(C107="", "", IF((IF(C107="",0,(IF(C107=0,8,(IF(C107<10,6,(IF(C107<14,4,(IF(C107<18,2,(IF(C107<28,0,(IF(C107<32,-2,(IF(C107<36,-4,-6)))))))))))))))+D107+2*(E107+F107+H107+I107)+4*G107+J107)<0,0,(IF(C107="",0,(IF(C107=0,8,(IF(C107<10,6,(IF(C107<14,4,(IF(C107<18,2,(IF(C107<28,0,(IF(C107<32,-2,(IF(C107<36,-4,-6)))))))))))))))+D107+2*(E107+F107+H107+I107)+4*G107+J107))) -> 4
B109: =IF(Rosters!I64="*",Rosters!J64,IF(Rosters!I65="*",Rosters!J65,"")) -> Liam Coen (Jax) | C109: 5 | M109: =C109 -> 5
...

Sheet Standings
B1: Week | C1: Score | E1: Team | F1: W | G1: L | H1: T | I1: T6 | J1: W+6 | K1: Pts | L1: Z-Score
A2: 1 | B2: Andrew | C2: =Rosters!$G$67 -> 47 | E2: Kemp/A/M | F2: 9 | G2: 3 | H2: 1 | I2: 10 | J2: =I2+F2+0.5*H2 -> 19.5 | K2: =52+54+82+36+57+58+51+81+47+68+53+51+30 -> 720 | L2: =round((K2-average(K$2:K$13))/_xlfn.stdev.p(K$2:K$13), 2) -> 2.06
A3: 2 | B3: Kevin | C3: =Rosters!$M$29 -> 34 | E3: Greg/Griff | F3: 9 | G3: 4 | H3: 0 | I3: 7 | J3: =I3+F3+0.5*H3 -> 16 | K3: =51+44+33+31+56+46+70+37+54+63+32+59+75 -> 651 | L3: =round((K3-average(K$2:K$13))/_xlfn.stdev.p(K$2:K$13), 2) -> 0.66
A4: 3 | B4: Steve L | C4: =Rosters!$G$29 -> 25 | E4: Kevin | F4: 7 | G4: 6 | H4: 0 | I4: 7.5 | J4: =I4+F4+0.5*H4 -> 14.5 | K4: =70+43+44+56+68+62+60+46+54+39+41+35+34 -> 652 | L4: =round((K4-average(K$2:K$13))/_xlfn.stdev.p(K$2:K$13), 2) -> 0.68
A5: 4 | B5: Adam | C5: =Rosters!$S$67 -> 33 | E5: Andrew | F5: 8 | G5: 5 | H5: 0 | I5: 6 | J5: =I5+F5+0.5*H5 -> 14 | K5: =16+59+44+21+49+45+53+33+51+46+63+52+47 -> 579 | L5: =round((K5-average(K$2:K$13))/_xlfn.stdev.p(K$2:K$13), 2) -> -0.8
A6: 5 | B6: Bill/Wes | C6: =Rosters!$J$67 -> 74 | E6: Wes/B | F6: 7 | G6: 6 | H6: 0 | I6: 7 | J6: =I6+F6+0.5*H6 -> 14 | K6: =41+24+49+65+54+46+30+31+88+28+45+53+74 -> 628 | L6: =round((K6-average(K$2:K$13))/_xlfn.stdev.p(K$2:K$13), 2) -> 0.19
A7: 6 | B7: Jarrett/M | C7: =Rosters!$P$67 -> 52 | E7: Steve L | F7: 7 | G7: 6 | H7: 0 | I7: 7 | J7: =I7+F7+0.5*H7 -> 14 | K7: =18+66+35+58+39+63+71+56+22+56+38+61+25 -> 608 | L7: =round((K7-average(K$2:K$13))/_xlfn.stdev.p(K$2:K$13), 2) -> -0.21
A8: 7 | B8: Greg/Griff | C8: =Rosters!$S$29 -> 75 | E8: Kirk/D | F8: 6 | G8: 7 | H8: 0 | I8: 8 | J8: =I8+F8+0.5*H8 -> 14 | K8: =55+51+45+71+20+47+56+17+50+71+33+41+56 -> 613 | L8: =round((K8-average(K$2:K$13))/_xlfn.stdev.p(K$2:K$13), 2) -> -0.11
A9: 8 | B9: Kemp/A/M | C9: =Rosters!$M$67 -> 30 | E9: Jarrett/M | F9: 4 | G9: 9 | H9: 0 | I9: 7 | J9: =I9+F9+0.5*H9 -> 11 | K9: =45+54+46+48+40+49+67+71+26+21+38+34+52 -> 591 | L9: =round((K9-average(K$2:K$13))/_xlfn.stdev.p(K$2:K$13), 2) -> -0.56
A10: 9 | B10: John | C10: =Rosters!$J$29 -> 47 | E10: John | F10: 5 | G10: 8 | H10: 0 | I10: 5.5 | J10: =I10+F10+0.5*H10 -> 10.5 | K10: =36+56+42+42+84+58+71+43+38+38+57+42+47 -> 654 | L10: =round((K10-average(K$2:K$13))/_xlfn.stdev.p(K$2:K$13), 2) -> 0.72
A11: 10 | B11: Dannny/Joey | C11: =Rosters!$P$29 -> 35 | E11: Danny/Joey | F11: 4 | G11: 8 | H11: 1 | I11: 6 | J11: =I11+F11+0.5*H11 -> 10.5 | K11: =52+44+63+63+36+21+51+51+46+59+57+36+35 -> 614 | L11: =round((K11-average(K$2:K$13))/_xlfn.stdev.p(K$2:K$13), 2) -> -0.09
A12: 11 | B12: Kirk/D | C12: =Rosters!$D$29 -> 56 | E12: Eric/J | F12: 6 | G12: 7 | H12: 0 | I12: 3 | J12: =I12+F12+0.5*H12 -> 9 | K12: =31+37+34+35+33+28+41+45+28+36+48+60+50 -> 506 | L12: =round((K12-average(K$2:K$13))/_xlfn.stdev.p(K$2:K$13), 2) -> -2.28
A13: 12 | B13: Eric/J | C13: =Rosters!$D$67 -> 50 | E13: Adam | F13: 5 | G13: 8 | H13: 0 | I13: 4 | J13: =I13+F13+0.5*H13 -> 9 | K13: =42+58+30+66+69+39+44+71+39+45+25+44+33 -> 605 | L13: =round((K13-average(K$2:K$13))/_xlfn.stdev.p(K$2:K$13), 2) -> -0.27
F14: =SUM(F2:F13) -> 77 | G14: =SUM(G2:G13) -> 77 | H14: =SUM(H2:H13) -> 2 | I14: =SUM(I2:I13) -> 78 | J14: =SUM(J2:J13) -> 156 | K14: =round(average(K2:K13), 1) -> 618.4
K15: =round(_xlfn.stdev.p(K2:K13), 1) -> 49.3

Sheet W1
D1: KIRK/DAVID (11) | G1: STEVE L. (43) | J1: JOHN (9) | M1: KEVIN (2) | P1: DANNY/JOEY (10) | S1: GREG/GRIFFIN (7) | V1: K/A/M | Y1: D/J
A2: QB | D2: Caleb Williams (Chi) | E2: 8 | F2: * | G2: Jayden Daniels (Was) | J2: Bo Nix (Den) | K2: 12 | L2: * | M2: Jalen Hurts (Phi) | N2: 29 | O2: * | P2: Josh Allen (Buf) | Q2: 18 | R2: * | S2: Baker Mayfield (TB) | V2: Lamar Jackson (Bal) | W2: 20 | Y2: Josh Allen (Buf) | Z2: 29
B3: 12 | C3: * | D3: Jordan Love (GB) | G3: Tua Tagovailoa (Mia) | H3: 12 | I3: * | J3: Kyler Murray (Arz) | M3: Matthew Stafford (LAR) | P3: Michael Penix (Atl) | S3: Russell Wilson (NYG) | V3: Jonathan Taylor (Ind) | W3: 0 | Y3: Omarion Hampton (LAC) | Z3: 0
D4: Brock Purdy (SF) | G4: Jalen Milroe (Sea) | J4: Dak Prescott (Dal) | M4: Dillon Gabriel (Cle) | P4: Jaxson Dart (NYG) | S4: Spencer Rattler (NO) | V4: Derrick Henry (Bal) | W4: 16 | Y4: James Conner (Arz) | Z4: 6
V5: Terry McLaurin (Was) | W5: 0 | Y5: Amon-Ra St. Brown (Det) | Z5: 0
A6: RB | B6: 6 | C6: * | D6: Josh Jacobs (GB) | E6: 0 | F6: * | G6: Jahmyr Gibbs (Det) | H6: 6 | I6: * | J6: Kyren Williams (LAR) | K6: 6 | L6: * | M6: De'Von Achane (Mia) | N6: 0 | O6: * | P6: Omarion Hampton (LAC) | Q6: 6 | R6: * | S6: Chuba Hubbard (Car) | V6: Mike Evans (TB) | W6: 0 | Y6: Tyreek Hill (Mia) | Z6: 0
D7: Travis Etienne (Jax) | G7: D'Andre Swift (Chi) | H7: 0 | I7: * | J7: Nick Chubb (Hou) | K7: 0 | L7: * | M7: Tyrone Tracy (NYG) | N7: 6 | O7: * | P7: James Conner (Arz) | S7: Trey Benson (Arz) | V7: George Kittle (SF) | W7: 6 | Y7: TJ Hockenson (Min) | Z7: 0
D8: Jordan Mason (Min) | E8: 0 | F8: * | G8: Isaiah Pacheco (KC) | J8: Ray Davis (Buf) | M8: Rachaad White (TB) | P8: Zach Charbonnet (Sea) | S8: Quinshon Judkins (CLE) | V8: Cam Little (Jax) | W8: 10 | Y8: Tyler Loop (Bal) | Z8: 10
B9: 0 | C9: * | D9: RJ Harvey (Den) | G9: Kaleb Johnson (Pit) | J9: Blake Corum (LAR) | M9: Woody Marks (Hou) | P9: Tank Bigsby (Jax | Q9: 6 | R9: * | S9: Jaylen Warren (Pit) | V9: Pittsburgh | W9: 0 | Y9: Kansas City | Z9: 3
V10: Raheem Morris (Atl) | W10: 0 | Y10: Sean Payton (Den) | Z10: 4
A11: WR | B11: 6 | C11: * | D11: Justin Jefferson (Min) | G11: DK Metcalf (Pit) | H11: 0 | I11: * | J11: Ja'Marr Chase (Cin) | K11: 10 | L11: * | M11: Zay Flowers (Bal) | N11: 0 | O11: * | P11: Amon-Ra St. Brown (Det) | Q11: 2 | R11: * | S11: Jaxon Smith-Njigba (Sea) | W11: 52 | Z11: 52
B12: 4 | C12: * | D12: Puka Nacua (LAR) | E12: 0 | F12: * | G12: Jameson Williams (Det) | J12: Tee Higgins (Cin) | M12: Jordan Addison (Min) | P12: Marvin Harrison (Arz) | S12: Rashee Rice (KC)
D13: Davante Adams (LAR) | G13: Josh Downs (Ind) | H13: 6 | I13: * | J13: Courtland Sutton (Den) | M13: Deebo Samuel (Was) | P13: Brandon Aiyuk (SF) | Q13: 0 | R13: * | S13: DJ Moore (Chi) | V13: Steve L | Y13: Kirk/D
D14: Jerry Jeudy (Cle) | E14: 0 | F14: * | G14: Tet McMillan (Car) | J14: Michael Pittman (Ind) | K14: 12 | L14: * | M14: Emeka Egbuka (TB) | N14: 0 | O14: * | P14: Tyreek Hill (Mia) | S14: Keon Coleman (Buf) | V14: Jayden Daniels (Was) | W14: 8 | Y14: Jordan Love (GB) | Z14: 12
V15: Jahmyr Gibbs (Det) | W15: 0 | Y15: Josh Jacobs (GB) | Z15: 6
A16: TE | D16: Cole Kmet (Chi) | E16: 3 | F16: * | G16: Sam LaPorta (Det) | J16: Tucker Kraft (GB) | K16: 6 | L16: * | M16: Jonnu Smith (Pit) | N16: 0 | O16: * | P16: TJ Hockenson (Min) | Q16: 6 | R16: * | S16: Travis Kelce (KC) | V16: Isaiah Pacheco (KC) | W16: 0 | Y16: RJ Harvey (Den) | Z16: 0
D17: Dalton Schultz (Hou) | G17: Chig Okonkwo (Ten) | H17: 0 | I17: * | J17: Dallas Goedert (Phi) | M17: Cade Otton (TB) | P17: Evan Engram (Den) | S17: Jake Ferguson (Dal) | V17: Jameson Williams (Det) | W17: 0 | Y17: Justin Jefferson (Min) | Z17: 6
B18: 2 | C18: * | D18: Brenton Strange (Jax) | G18: Ja'Tavion Sanders (Car) | J18: Tyler Warren (Ind) | M18: Theo Johnson (NYG) | P18: Juwan Johnson (NO) | S18: Mason Taylor (NYJ) | V18: Tet McMillan (Car) | W18: 0 | Y18: Puka Nacua (LAR) | Z18: 4
V19: Sam LaPorta (Det) | W19: 3 | Y19: Brenton Strange (Jax) | Z19: 2
A20: K | B20: 7 | C20: * | D20: Jake Elliott (Phi) | G20: Brandon Aubrey (Dal) | J20: Cameron Dicker (LAC) | M20: Chris Boswell (Pit) | P20: Cairo Santos (Chi) | S20: Tyler Bass (Buf) | V20: Chase McLaughlin (TB) | W20: 2 | Y20: Jake Elliott (Phi) | Z20: 7
D21: Will Reichard (Min) | E21: 2 | F21: * | G21: Chase McLaughlin (TB) | H21: 3 | I21: * | J21: Matt Gay (Was) | K21: 6 | L21: * | M21: Will Lutz (Den) | N21: 10 | O21: * | P21: Tyler Loop (Bal) | Q21: 7 | R21: * | S21: Brandon McManus (GB) | V21: Arizona | W21: 5 | Y21: Denver | Z21: 14
V22: Dan Campbell (Det) | W22: 0 | Y22: Sean McVay (LAR) | Z22: 4
A23: DF | D23: Baltimore | G23: Houston | J23: San Francisco | K23: 13 | L23: * | M23: LA Rams | N23: 3 | O23: * | P23: Kansas City | Q23: 1 | R23: * | S23: Tampa Bay | W23: 18 | Z23: 55
B24: 14 | C24: * | D24: Denver | E24: 5 | F24: * | G24: Arizona | H24: 9 | I24: * | J24: Chicago | M24: Seattle | P24: New England | S24: NY Jets
V25: Kevin | Y25: Eric/J
A26: HC | B26: 4 | C26: * | D26: Sean McVay (LAR) | E26: 0 | F26: * | G26: Dan Campbell (Det) | H26: 0 | I26: * | J26: John Harbaugh (Bal) | K26: 5 | L26: * | M26: Kyle Shanahan (SF) | N26: 4 | O26: * | P26: Sean Payton (Den) | Q26: 5 | R26: * | S26: Mike Tomlin (Pit) | V26: Jalen Hurts (Phi) | W26: 12 | Y26: Justin Herbert (LAC) | Z26: 22
D27: Ben Johnson (Chi) | G27: DeMeco Ryans (Hou) | J27: Shane Steichen (Ind) | M27: Kevin Stefanski (Cle) | P27: Mike Vrabel (NE) | S27: Todd Bowles (TB) | V27: De'Von Achane (Mia) | W27: 6 | Y27: TreVeyon Henderson (NE) | Z27: 0
V28: Tyrone Tracy (NYG) | W28: 0 | Y28: Brian Robinson (SF) | Z28: 0
D29: 55 | G29: 18 | J29: 36 | M29: 70 | P29: 52 | S29: 51 | V29: Zay Flowers (Bal) | W29: 10 | Y29: Nico Collins (Hou) | Z29: 0
V30: Emeka Egbuka (TB) | W30: 12 | Y30: Khalil Shakir (Buf) | Z30: 0
A31: PH | D31: 407-5858 cell | G31: 435-4605 cell | J31: 388-7371 cell | M31: 913-3136 cell | P31: 289-8690 (D) | S31: (925) 518-5773 cell | V31: Jonnu Smith (Pit) | W31: 6 | Y31: Hunter Henry (NE) | Z31: 2
P32: 325-1289 (J) | V32: Will Lutz (Den) | W32: 6 | Y32: Evan McPherson (Cin) | Z32: 4
V33: LA Rams | W33: 13 | Y33: NY Giants | Z33: 3
A34: TS | V34: Kyle Shanahan (SF) | W34: 5 | Y34: Mike Macdonald (Sea) | Z34: 0
W35: 70 | Z35: 31
V37: Wes/B | Y37: Andrew
V38: Joe Burrow (Cin) | W38: 6 | Y38: Trevor Lawrence (Jax) | Z38: 5
D39: ERIC/JEFF (12) | G39: ANDREW (1) | J39: WES/BILL (5) | M39: KEMP/A/M (8) | P39: JARRETT/MATT (6) | S39: ADAM (4) | V39: Bijan Robinson (Atl) | W39: 9 | Y39: Kenneth Walker III (Sea) | Z39: 0
A40: QB | B40: 22 | C40: * | D40: Justin Herbert (LAC) | E40: 5 | F40: * | G40: Trevor Lawrence (Jax) | H40: 6 | I40: * | J40: Joe Burrow (Cin) | K40: 20 | L40: * | M40: Lamar Jackson (Bal) | N40: 15 | O40: * | P40: Patrick Mahomes (KC) | S40: CJ Stroud (Hou) | V40: Bucky Irving (TB) | W40: 6 | Y40: David Montgomery (Det) | Z40: 0
D41: Jameis Winston (NYG) | G41: JJ McCarthy (Min) | J41: Anthony Richardson (Ind) | M41: Drake Maye (NE) | P41: Justin Fields (NYJ) | Q41: 7 | R41: * | S41: Jared Goff (Det) | V41: Brian Thomas (Jax) | W41: 6 | Y41: Ladd McConkey (LAC) | Z41: 0
D42: Aaron Rodgers (Pit) | G42: Cam Ward (Ten) | J42: Geno Smith (LV) | M42: Sam Darnold (Sea) | P42: Bryce Young (Car) | S42: Daniel Jones (Ind) | V42: A.J. Brown (PHI) | W42: 0 | Y42: Jaylen Waddle (Mia) | Z42: 0
V43: Brock Bowers (LV) | W43: 4 | Y43: Trey McBride (Arz) | Z43: 2
A44: RB | B44: 0 | C44: * | D44: TreVeyon Henderson (NE) | G44: Christian McCaffrey (SF) | H44: 9 | I44: * | J44: Bijan Robinson (Atl) | K44: 0 | L44: * | M44: Jonathan Taylor (Ind) | N44: 6 | O44: * | P44: Chase Brown (Cin) | Q44: 6 | R44: * | S44: Saquon Barkley (Phi) | V44: Jake Bates (Det) | W44: 4 | Y44: Younghoe Koo (Atl) | Z44: 5
B45: 0 | C45: * | D45: Brian Robinson (SF) | E45: 0 | F45: * | G45: Kenneth Walker III (Sea) | H45: 6 | I45: * | J45: Bucky Irving (TB) | K45: 16 | L45: * | M45: Derrick Henry (Bal) | P45: Alvin Kamara (NO) | Q45: 6 | R45: * | S45: Ashton Jeanty (LV) | V45: Philadelphia | W45: 2 | Y45: Minnesota | Z45: 4
D46: Jacory Croskey-Merritt (Was) | E46: 0 | F46: * | G46: David Montgomery (Det) | J46: James Cook (Buf) | M46: Aaron Jones (Min) | N46: 0 | O46: * | P46: Tony Pollard (TEN) | S46: Breece Hall (NYJ) | V46: Nick Sirianni (Phi) | W46: 4 | Y46: Andy Reid (KC) | Z46: 0
D47: Chris Rodriguez (Was) | G47: Najee Harris (LAC) | J47: Bhayshul Tuten (Jax) | M47: JK Dobbins (Den) | P47: Cam Skattebo (NYG) | S47: Braelon Allen (NYJ) | W47: 41 | Z47: 16
A49: WR | B49: 0 | C49: * | D49: Nico Collins (Hou) | E49: 0 | F49: * | G49: Ladd McConkey (LAC) | H49: 6 | I49: * | J49: Brian Thomas (Jax) | M49: DeVonta Smith (Phi) | N49: 0 | O49: * | P49: Malik Nabers (NYG) | S49: Garrett Wilson (NYJ) | V49: J/M | Y49: Adam
D50: Calvin Ridley (Ten) | E50: 0 | F50: * | G50: Jaylen Waddle (Mia) | J50: Drake London (Atl) | K50: 0 | L50: * | M50: Terry McLaurin (Was) | N50: 3 | O50: * | P50: CeeDee Lamb (Dal) | Q50: 0 | R50: * | S50: Xavier Worthy (KC) | V50: Patrick Mahomes (KC) | W50: 15 | Y50: Jared Goff (Det) | Z50: 7
B51: 0 | C51: * | D51: Khalil Shakir (Buf) | G51: Stefon Diggs (NE) | H51: 0 | I51: * | J51: A.J. Brown (PHI) | M51: George Pickens (Dal) | P51: Rome Odunze (Chi) | S51: Chris Olave (NO) | V51: Chase Brown (Cin) | W51: 6 | Y51: Saquon Barkley (Phi) | Z51: 6
D52: Amari Cooper (LV) | G52: Cooper Kupp (Sea) | J52: Matthew Golden (GB) | K52: 0 | L52: * | M52: Mike Evans (TB) | P52: Travis Hunter (Jax) | Q52: 3 | R52: * | S52: Ricky Pearsall (SF) | V52: Tony Pollard (TEN) | W52: 0 | Y52: Ashton Jeanty (LV) | Z52: 6
V53: Malik Nabers (NYG) | W53: 0 | Y53: Xavier Worthy (KC) | Z53: 0
A54: TE | B54: 2 | C54: * | D54: Hunter Henry (NE) | E54: 2 | F54: * | G54: Trey McBride (Arz) | H54: 4 | I54: * | J54: Brock Bowers (LV) | K54: 6 | L54: * | M54: George Kittle (SF) | N54: 0 | O54: * | P54: Mark Andrews (Bal) | Q54: 2 | R54: * | S54: Kyle Pitts (Atl) | V54: CeeDee Lamb (Dal) | W54: 3 | Y54: Ricky Pearsall (SF) | Z54: 3
D55: Colston Loveland (Chi) | G55: Mike Gesicki (Cin) | J55: Dalton Kincaid (Buf) | M55: David Njoku (Cle) | P55: Isaiah Likely (Bal) | S55: Terrance Ferguson (LAR) | V55: Mark Andrews (Bal) | W55: 0 | Y55: Kyle Pitts (Atl) | Z55: 2
D56: Zach Ertz (Was) | G56: Tyler Higbee (Cin) | J56: Harold Fannin (Cle) | M56: Pat Freiermuth (Pit) | P56: Elijah Arroyo (Sea) | S56: AJ Barner (Sea) | V56: Ka'imi Fairbairn (Hou) | W56: 11 | Y56: Harrison Butker (KC) | Z56: 6
V57: Cleveland | W57: 5 | Y57: Washington | Z57: 8
A58: K | B58: 4 | C58: * | D58: Evan McPherson (Cin) | E58: 5 | F58: * | G58: Younghoe Koo (Atl) | J58: Jake Moody (SF) | K58: 10 | L58: * | M58: Cam Little (Jax) | N58: 11 | O58: * | P58: Ka'imi Fairbairn (Hou) | Q58: 6 | R58: * | S58: Harrison Butker (KC) | V58: Kevin O'Connell (Min) | W58: 5 | Y58: Dan Quinn (Was) | Z58: 4
D59: Justin Tucker () | G59: Daniel Carlson (LV) | H59: 4 | I59: * | J59: Jake Bates (Det) | M59: Chad Ryland (Arz) | P59: Joshua Karty (LAR) | S59: Andres Borregales (NE) | W59: 45 | Z59: 42
A61: DF | B61: 3 | C61: * | D61: NY Giants | G61: Green Bay | H61: 2 | I61: * | J61: Philadelphia | K61: 0 | L61: * | M61: Pittsburgh | P61: Buffalo | S61: Detroit | V61: John | Y61: Greg/G
D62: Atlanta | E62: 4 | F62: * | G62: Minnesota | J62: Indianapolis | M62: LA Chargers | N62: 5 | O62: * | P62: Cleveland | Q62: 8 | R62: * | S62: Washington | V62: Kyler Murray (Arz) | W62: 12 | Y62: Baker Mayfield (TB) | Z62: 18
V63: Kyren Williams (LAR) | W63: 6 | Y63: Chuba Hubbard (Car) | Z63: 6
A64: HC | D64: Matt LaFleur (GB) | E64: 0 | F64: * | G64: Andy Reid (KC) | H64: 4 | I64: * | J64: Nick Sirianni (Phi) | M64: Sean McDermott (Buf) | P64: Zac Taylor (Cin) | Q64: 4 | R64: * | S64: Dan Quinn (Was) | V64: Nick Chubb (Hou) | W64: 0 | Y64: Jaylen Warren (Pit) | Z64: 6
B65: 0 | C65: * | D65: Mike Macdonald (Sea) | G65: Jim Harbaugh (LAC) | J65: Liam Coen (Jax) | K65: 0 | L65: * | M65: Raheem Morris (Atl) | N65: 5 | O65: * | P65: Kevin O'Connell (Min) | S65: Brian Schottenheimer (Dal) | V65: Ja'Marr Chase (Cin) | W65: 0 | Y65: Jaxon Smith-Njigba (Sea) | Z65: 2
V66: Courtland Sutton (Den) | W66: 6 | Y66: DJ Moore (Chi) | Z66: 0
D67: 31 | G67: 16 | J67: 41 | M67: 52 | P67: 45 | S67: 42 | V67: Dallas Goedert (Phi) | W67: 0 | Y67: Travis Kelce (KC) | Z67: 6
V68: Matt Gay (Was) | W68: 3 | Y68: Brandon McManus (GB) | Z68: 7
A69: PH | D69: 290-3039 cell | G69: (925) 285-4689 cell | J69: (925) 963-4220 (B) | M69: 759-5396 cell | P69: 282-0896 cell | S69: 566-9674 cell | V69: Chicago | W69: 9 | Y69: Tampa Bay | Z69: 1
J70: 421-1634 (W) | V70: John Harbaugh (Bal) | W70: 0 | Y70: Mike Tomlin (Pit) | Z70: 5
W71: 36 | Z71: 51
A72: TS

Sheet W2
D1: KIRK/DAVID (11) | G1: STEVE L. (43) | J1: JOHN (9) | M1: KEVIN (2) | P1: DANNY/JOEY (10) | S1: GREG/GRIFFIN (7) | V1: K/A/M | Y1: Steve L
A2: QB | D2: Caleb Williams (Chi) | E2: 16 | F2: * | G2: Jayden Daniels (Was) | J2: Bo Nix (Den) | K2: 6 | L2: * | M2: Jalen Hurts (Phi) | N2: 0 | O2: * | P2: Josh Allen (Buf) | Q2: 14 | R2: * | S2: Baker Mayfield (TB) | V2: Lamar Jackson (Bal) | W2: 26 | Y2: Jayden Daniels (Was) | Z2: 16
B3: 15 | C3: * | D3: Jordan Love (GB) | G3: Tua Tagovailoa (Mia) | J3: Kyler Murray (Arz) | M3: Matthew Stafford (LAR) | P3: Michael Penix (Atl) | S3: Russell Wilson (NYG) | V3: Jonathan Taylor (Ind) | W3: 12 | Y3: Jahmyr Gibbs (Det) | Z3: 8
D4: Brock Purdy (SF) | G4: Jalen Milroe (Sea) | H4: 16 | I4: * | J4: Dak Prescott (Dal) | M4: Dillon Gabriel (Cle) | P4: Jaxson Dart (NYG) | S4: Spencer Rattler (NO) | V4: Derrick Henry (Bal) | W4: 0 | Y4: D'Andre Swift (Chi) | Z4: 5
V5: DeVonta Smith (Phi) | W5: 0 | Y5: DK Metcalf (Pit) | Z5: 6
A6: RB | B6: 8 | C6: * | D6: Josh Jacobs (GB) | E6: 8 | F6: * | G6: Jahmyr Gibbs (Det) | H6: 0 | I6: * | J6: Kyren Williams (LAR) | K6: 8 | L6: * | M6: De'Von Achane (Mia) | N6: 0 | O6: * | P6: Omarion Hampton (LAC) | Q6: 6 | R6: * | S6: Chuba Hubbard (Car) | V6: Mike Evans (TB) | W6: 0 | Y6: Tet McMillan (Car) | Z6: 3
B7: 6 | C7: * | D7: Travis Etienne (Jax) | E7: 5 | F7: * | G7: D'Andre Swift (Chi) | H7: 6 | I7: * | J7: Nick Chubb (Hou) | K7: 0 | L7: * | M7: Tyrone Tracy (NYG) | N7: 6 | O7: * | P7: James Conner (Arz) | S7: Trey Benson (Arz) | V7: David Njoku (Cle) | W7: 0 | Y7: Sam LaPorta (Det) | Z7: 0
D8: Jordan Mason (Min) | G8: Isaiah Pacheco (KC) | J8: Ray Davis (Buf) | M8: Rachaad White (TB) | P8: Zach Charbonnet (Sea) | S8: Quinshon Judkins (CLE) | V8: Cam Little (Jax) | W8: 7 | Y8: Brandon Aubrey (Dal) | Z8: 18
D9: RJ Harvey (Den) | G9: Kaleb Johnson (Pit) | J9: Blake Corum (LAR) | M9: Woody Marks (Hou) | P9: Tank Bigsby (Jax | Q9: 3 | R9: * | S9: Jaylen Warren (Pit) | V9: Pittsburgh | W9: 4 | Y9: Houston | Z9: 6
V10: Sean McDermott (Buf) | W10: 5 | Y10: Dan Campbell (Det) | Z10: 4
A11: WR | B11: 2 | C11: * | D11: Justin Jefferson (Min) | E11: 6 | F11: * | G11: DK Metcalf (Pit) | H11: 11 | I11: * | J11: Ja'Marr Chase (Cin) | K11: 2 | L11: * | M11: Zay Flowers (Bal) | N11: 21 | O11: * | P11: Amon-Ra St. Brown (Det) | Q11: 3 | R11: * | S11: Jaxon Smith-Njigba (Sea) | W11: 54 | Z11: 66
B12: 9 | C12: * | D12: Puka Nacua (LAR) | G12: Jameson Williams (Det) | H12: 6 | I12: * | J12: Tee Higgins (Cin) | M12: Jordan Addison (Min) | N12: 0 | O12: * | P12: Marvin Harrison (Arz) | S12: Rashee Rice (KC)
D13: Davante Adams (LAR) | G13: Josh Downs (Ind) | J13: Courtland Sutton (Den) | M13: Deebo Samuel (Was) | P13: Brandon Aiyuk (SF) | Q13: 0 | R13: * | S13: DJ Moore (Chi) | V13: D/J | Y13: Kirk/D
D14: Jerry Jeudy (Cle) | E14: 3 | F14: * | G14: Tet McMillan (Car) | J14: Michael Pittman (Ind) | K14: 6 | L14: * | M14: Emeka Egbuka (TB) | P14: Tyreek Hill (Mia) | S14: Keon Coleman (Buf) | V14: Josh Allen (Buf) | W14: 0 | Y14: Jordan Love (GB) | Z14: 15
V15: Omarion Hampton (LAC) | W15: 0 | Y15: Josh Jacobs (GB) | Z15: 8
A16: TE | D16: Cole Kmet (Chi) | E16: 0 | F16: * | G16: Sam LaPorta (Det) | J16: Tucker Kraft (GB) | K16: 0 | L16: * | M16: Jonnu Smith (Pit) | N16: 0 | O16: * | P16: TJ Hockenson (Min) | Q16: 2 | R16: * | S16: Travis Kelce (KC) | V16: James Conner (Arz) | W16: 6 | Y16: Travis Etienne (Jax) | Z16: 6
D17: Dalton Schultz (Hou) | G17: Chig Okonkwo (Ten) | J17: Dallas Goedert (Phi) | M17: Cade Otton (TB) | P17: Evan Engram (Den) | S17: Jake Ferguson (Dal) | V17: Amon-Ra St. Brown (Det) | W17: 21 | Y17: Justin Jefferson (Min) | Z17: 2
B18: 0 | C18: * | D18: Brenton Strange (Jax) | G18: Ja'Tavion Sanders (Car) | H18: 3 | I18: * | J18: Tyler Warren (Ind) | M18: Theo Johnson (NYG) | P18: Juwan Johnson (NO) | S18: Mason Taylor (NYJ) | V18: Marvin Harrison (Arz) | W18: 0 | Y18: Puka Nacua (LAR) | Z18: 9
V19: TJ Hockenson (Min) | W19: 0 | Y19: Brenton Strange (Jax) | Z19: 0
A20: K | D20: Jake Elliott (Phi) | E20: 18 | F20: * | G20: Brandon Aubrey (Dal) | H20: 5 | I20: * | J20: Cameron Dicker (LAC) | K20: 9 | L20: * | M20: Chris Boswell (Pit) | P20: Cairo Santos (Chi) | S20: Tyler Bass (Buf) | V20: Tyler Loop (Bal) | W20: 10 | Y20: Will Reichard (Min) | Z20: 6
B21: 6 | C21: * | D21: Will Reichard (Min) | G21: Chase McLaughlin (TB) | J21: Matt Gay (Was) | M21: Will Lutz (Den) | N21: 10 | O21: * | P21: Tyler Loop (Bal) | Q21: 6 | R21: * | S21: Brandon McManus (GB) | V21: New England | W21: 7 | Y21: Denver | Z21: 0
V22: Sean Payton (Den) | W22: 0 | Y22: Sean McVay (LAR) | Z22: 5
A23: DF | D23: Baltimore | E23: 6 | F23: * | G23: Houston | H23: 5 | I23: * | J23: San Francisco | K23: 7 | L23: * | M23: LA Rams | P23: Kansas City | Q23: 3 | R23: * | S23: Tampa Bay | W23: 44 | Z23: 51
B24: 0 | C24: * | D24: Denver | G24: Arizona | J24: Chicago | M24: Seattle | N24: 7 | O24: * | P24: New England | S24: NY Jets
V25: Kevin | Y25: Wes/B
A26: HC | B26: 5 | C26: * | D26: Sean McVay (LAR) | E26: 4 | F26: * | G26: Dan Campbell (Det) | H26: 4 | I26: * | J26: John Harbaugh (Bal) | K26: 5 | L26: * | M26: Kyle Shanahan (SF) | N26: 0 | O26: * | P26: Sean Payton (Den) | S26: Mike Tomlin (Pit) | V26: Jalen Hurts (Phi) | W26: 6 | Y26: Joe Burrow (Cin) | Z26: 6
D27: Ben Johnson (Chi) | G27: DeMeco Ryans (Hou) | J27: Shane Steichen (Ind) | M27: Kevin Stefanski (Cle) | P27: Mike Vrabel (NE) | Q27: 7 | R27: * | S27: Todd Bowles (TB) | V27: De'Von Achane (Mia) | W27: 8 | Y27: Bijan Robinson (Atl) | Z27: 4
V28: Tyrone Tracy (NYG) | W28: 0 | Y28: Bucky Irving (TB) | Z28: 2
D29: 51 | G29: 66 | J29: 56 | M29: 43 | P29: 44 | S29: 44 | V29: Zay Flowers (Bal) | W29: 2 | Y29: Brian Thomas (Jax) | Z29: 0
V30: Emeka Egbuka (TB) | W30: 6 | Y30: Drake London (Atl) | Z30: 0
A31: PH | D31: 407-5858 cell | G31: 435-4605 cell | J31: 388-7371 cell | M31: 913-3136 cell | P31: 289-8690 (D) | S31: (925) 518-5773 cell | V31: Jonnu Smith (Pit) | W31: 0 | Y31: Brock Bowers (LV) | Z31: 0
P32: 325-1289 (J) | V32: Chris Boswell (Pit) | W32: 9 | Y32: Jake Bates (Det) | Z32: 7
V33: LA Rams | W33: 7 | Y33: Indianapolis | Z33: 0
A34: TS | V34: Kyle Shanahan (SF) | W34: 5 | Y34: Nick Sirianni (Phi) | Z34: 5
W35: 43 | Z35: 24
V37: Eric/J | Y37: Andrew
V38: Justin Herbert (LAC) | W38: 13 | Y38: Trevor Lawrence (Jax) | Z38: 19
D39: ERIC/JEFF (12) | G39: ANDREW (1) | J39: WES/BILL (5) | M39: KEMP/A/M (8) | P39: JARRETT/MATT (6) | S39: ADAM (4) | V39: TreVeyon Henderson (NE) | W39: 0 | Y39: Christian McCaffrey (SF) | Z39: 8
A40: QB | B40: 13 | C40: * | D40: Justin Herbert (LAC) | E40: 19 | F40: * | G40: Trevor Lawrence (Jax) | H40: 6 | I40: * | J40: Joe Burrow (Cin) | K40: 26 | L40: * | M40: Lamar Jackson (Bal) | N40: 11 | O40: * | P40: Patrick Mahomes (KC) | S40: CJ Stroud (Hou) | V40: Jacory Croskey-Merritt (Was) | W40: 0 | Y40: Kenneth Walker III (Sea) | Z40: 9
D41: Jameis Winston (NYG) | G41: JJ McCarthy (Min) | J41: Anthony Richardson (Ind) | M41: Drake Maye (NE) | P41: Justin Fields (NYJ) | Q41: 34 | R41: * | S41: Jared Goff (Det) | V41: Nico Collins (Hou) | W41: 6 | Y41: Ladd McConkey (LAC) | Z41: 0
D42: Aaron Rodgers (Pit) | G42: Cam Ward (Ten) | J42: Geno Smith (LV) | M42: Sam Darnold (Sea) | P42: Bryce Young (Car) | S42: Daniel Jones (Ind) | V42: Khalil Shakir (Buf) | W42: 0 | Y42: Jaylen Waddle (Mia) | Z42: 6
V43: Zach Ertz (Was) | W43: 8 | Y43: Trey McBride (Arz) | Z43: 3
A44: RB | B44: 0 | C44: * | D44: TreVeyon Henderson (NE) | E44: 8 | F44: * | G44: Christian McCaffrey (SF) | H44: 4 | I44: * | J44: Bijan Robinson (Atl) | K44: 12 | L44: * | M44: Jonathan Taylor (Ind) | N44: 0 | O44: * | P44: Chase Brown (Cin) | Q44: 8 | R44: * | S44: Saquon Barkley (Phi) | V44: Evan McPherson (Cin) | W44: 6 | Y44: Daniel Carlson (LV) | Z44: 9
D45: Brian Robinson (SF) | E45: 9 | F45: * | G45: Kenneth Walker III (Sea) | H45: 2 | I45: * | J45: Bucky Irving (TB) | K45: 0 | L45: * | M45: Derrick Henry (Bal) | P45: Alvin Kamara (NO) | Q45: 0 | R45: * | S45: Ashton Jeanty (LV) | V45: NY Giants | W45: 0 | Y45: Minnesota | Z45: 5
B46: 0 | C46: * | D46: Jacory Croskey-Merritt (Was) | G46: David Montgomery (Det) | J46: James Cook (Buf) | M46: Aaron Jones (Min) | N46: 2 | O46: * | P46: Tony Pollard (TEN) | S46: Breece Hall (NYJ) | V46: Matt LaFleur (GB) | W46: 4 | Y46: Andy Reid (KC) | Z46: 0
D47: Chris Rodriguez (Was) | G47: Najee Harris (LAC) | J47: Bhayshul Tuten (Jax) | M47: JK Dobbins (Den) | P47: Cam Skattebo (NYG) | S47: Braelon Allen (NYJ) | W47: 37 | Z47: 59
A49: WR | B49: 6 | C49: * | D49: Nico Collins (Hou) | E49: 0 | F49: * | G49: Ladd McConkey (LAC) | H49: 0 | I49: * | J49: Brian Thomas (Jax) | K49: 0 | L49: * | M49: DeVonta Smith (Phi) | N49: 17 | O49: * | P49: Malik Nabers (NYG) | Q49: 0 | R49: * | S49: Garrett Wilson (NYJ) | V49: J/M | Y49: John
D50: Calvin Ridley (Ten) | E50: 6 | F50: * | G50: Jaylen Waddle (Mia) | H50: 0 | I50: * | J50: Drake London (Atl) | M50: Terry McLaurin (Was) | N50: 3 | O50: * | P50: CeeDee Lamb (Dal) | S50: Xavier Worthy (KC) | V50: Patrick Mahomes (KC) | W50: 11 | Y50: Dak Prescott (Dal) | Z50: 16
B51: 0 | C51: * | D51: Khalil Shakir (Buf) | G51: Stefon Diggs (NE) | J51: A.J. Brown (PHI) | M51: George Pickens (Dal) | P51: Rome Odunze (Chi) | S51: Chris Olave (NO) | V51: Chase Brown (Cin) | W51: 0 | Y51: Kyren Williams (LAR) | Z51: 0
D52: Amari Cooper (LV) | G52: Cooper Kupp (Sea) | J52: Matthew Golden (GB) | K52: 0 | L52: * | M52: Mike Evans (TB) | P52: Travis Hunter (Jax) | Q52: 0 | R52: * | S52: Ricky Pearsall (SF) | V52: Tony Pollard (TEN) | W52: 2 | Y52: Nick Chubb (Hou) | Z52: 6
V53: Malik Nabers (NYG) | W53: 17 | Y53: Ja'Marr Chase (Cin) | Z53: 11
A54: TE | D54: Hunter Henry (NE) | E54: 3 | F54: * | G54: Trey McBride (Arz) | H54: 0 | I54: * | J54: Brock Bowers (LV) | M54: George Kittle (SF) | N54: 0 | O54: * | P54: Mark Andrews (Bal) | Q54: 0 | R54: * | S54: Kyle Pitts (Atl) | V54: CeeDee Lamb (Dal) | W54: 3 | Y54: Tee Higgins (Cin) | Z54: 6
D55: Colston Loveland (Chi) | G55: Mike Gesicki (Cin) | J55: Dalton Kincaid (Buf) | K55: 0 | L55: * | M55: David Njoku (Cle) | P55: Isaiah Likely (Bal) | S55: Terrance Ferguson (LAR) | V55: Mark Andrews (Bal) | W55: 0 | Y55: Tyler Warren (Ind) | Z55: 3
B56: 8 | C56: * | D56: Zach Ertz (Was) | G56: Tyler Higbee (Cin) | J56: Harold Fannin (Cle) | M56: Pat Freiermuth (Pit) | P56: Elijah Arroyo (Sea) | S56: AJ Barner (Sea) | V56: Ka'imi Fairbairn (Hou) | W56: 7 | Y56: Cameron Dicker (LAC) | Z56: 5
V57: Buffalo | W57: 10 | Y57: San Francisco | Z57: 5
A58: K | B58: 6 | C58: * | D58: Evan McPherson (Cin) | G58: Younghoe Koo (Atl) | J58: Jake Moody (SF) | K58: 7 | L58: * | M58: Cam Little (Jax) | N58: 7 | O58: * | P58: Ka'imi Fairbairn (Hou) | Q58: 4 | R58: * | S58: Harrison Butker (KC) | V58: Zac Taylor (Cin) | W58: 4 | Y58: John Harbaugh (Bal) | Z58: 4
D59: Justin Tucker () | E59: 9 | F59: * | G59: Daniel Carlson (LV) | H59: 7 | I59: * | J59: Jake Bates (Det) | M59: Chad Ryland (Arz) | P59: Joshua Karty (LAR) | S59: Andres Borregales (NE) | W59: 54 | Z59: 56
A61: DF | B61: 0 | C61: * | D61: NY Giants | G61: Green Bay | J61: Philadelphia | K61: 4 | L61: * | M61: Pittsburgh | N61: 10 | O61: * | P61: Buffalo | Q61: 8 | R61: * | S61: Detroit | V61: Adam | Y61: Greg/G
D62: Atlanta | E62: 5 | F62: * | G62: Minnesota | H62: 0 | I62: * | J62: Indianapolis | M62: LA Chargers | P62: Cleveland | S62: Washington | V62: Jared Goff (Det) | W62: 34 | Y62: Baker Mayfield (TB) | Z62: 14
V63: Saquon Barkley (Phi) | W63: 8 | Y63: Chuba Hubbard (Car) | Z63: 6
A64: HC | B64: 4 | C64: * | D64: Matt LaFleur (GB) | E64: 0 | F64: * | G64: Andy Reid (KC) | H64: 5 | I64: * | J64: Nick Sirianni (Phi) | K64: 5 | L64: * | M64: Sean McDermott (Buf) | N64: 4 | O64: * | P64: Zac Taylor (Cin) | S64: Dan Quinn (Was) | V64: Ashton Jeanty (LV) | W64: 0 | Y64: Jaylen Warren (Pit) | Z64: 3
D65: Mike Macdonald (Sea) | G65: Jim Harbaugh (LAC) | J65: Liam Coen (Jax) | M65: Raheem Morris (Atl) | P65: Kevin O'Connell (Min) | Q65: 4 | R65: * | S65: Brian Schottenheimer (Dal) | V65: Garrett Wilson (NYJ) | W65: 0 | Y65: Jaxon Smith-Njigba (Sea) | Z65: 3
V66: Ricky Pearsall (SF) | W66: 0 | Y66: DJ Moore (Chi) | Z66: 0
D67: 37 | G67: 59 | J67: 24 | M67: 54 | P67: 54 | S67: 58 | V67: Kyle Pitts (Atl) | W67: 0 | Y67: Travis Kelce (KC) | Z67: 2
V68: Harrison Butker (KC) | W68: 4 | Y68: Brandon McManus (GB) | Z68: 6
A69: PH | D69: 290-3039 cell | G69: (925) 285-4689 cell | J69: (925) 963-4220 (B) | M69: 759-5396 cell | P69: 282-0896 cell | S69: 566-9674 cell | V69: Detroit | W69: 8 | Y69: Tampa Bay | Z69: 3
J70: 421-1634 (W) | V70: Brian Schottenheimer (Dal) | W70: 4 | Y70: Todd Bowles (TB) | Z70: 7
W71: 58 | Z71: 44
A72: TS

Sheet W3
D1: KIRK/DAVID (11) | G1: STEVE L. (43) | J1: JOHN (9) | M1: KEVIN (2) | P1: DANNY/JOEY (10) | S1: GREG/GRIFFIN (7) | V1: K/A/M | Y1: Kirk/D
A2: QB | D2: Caleb Williams (Chi) | G2: Jayden Daniels (Was) | J2: Bo Nix (Den) | K2: 25 | L2: * | M2: Jalen Hurts (Phi) | N2: 20 | O2: * | P2: Josh Allen (Buf) | Q2: 8 | R2: * | S2: Baker Mayfield (TB) | V2: Lamar Jackson (Bal) | W2: 21 | Y2: Jordan Love (GB) | Z2: 5
B3: 5 | C3: * | D3: Jordan Love (GB) | E3: 11 | F3: * | G3: Tua Tagovailoa (Mia) | J3: Kyler Murray (Arz) | M3: Matthew Stafford (LAR) | P3: Michael Penix (Atl) | S3: Russell Wilson (NYG) | V3: Jonathan Taylor (Ind) | W3: 21 | Y3: Josh Jacobs (GB) | Z3: 0
D4: Brock Purdy (SF) | G4: Jalen Milroe (Sea) | H4: 9 | I4: * | J4: Dak Prescott (Dal) | M4: Dillon Gabriel (Cle) | P4: Jaxson Dart (NYG) | S4: Spencer Rattler (NO) | V4: Derrick Henry (Bal) | W4: 5 | Y4: Jordan Mason (Min) | Z4: 15
V5: George Pickens (Dal) | W5: 6 | Y5: Justin Jefferson (Min) | Z5: 2
A6: RB | B6: 0 | C6: * | D6: Josh Jacobs (GB) | E6: 12 | F6: * | G6: Jahmyr Gibbs (Det) | H6: 8 | I6: * | J6: Kyren Williams (LAR) | K6: 0 | L6: * | M6: De'Von Achane (Mia) | N6: 9 | O6: * | P6: Omarion Hampton (LAC) | Q6: 0 | R6: * | S6: Chuba Hubbard (Car) | V6: Mike Evans (TB) | W6: 6 | Y6: Puka Nacua (LAR) | Z6: 3
